{
    "program_title" : "IBM Digital Experience File Sync v%s",
    "program_help_1" : "Αυτό το βοήθημα συγχρονίζει πόρους WebDAV για ένα θέμα IBM WebSphere Portal με έναν τοπικό κατάλογο.",
    "program_help_2" : "Αυτό το βοήθημα παρέχει στον προγραμματιστή θεμάτων τη δυνατότητα να εργαστεί με αυτά τα αρχεία στο τοπικό σύστημα χρησιμοποιώντας την αγαπημένη του λειτουργία επεξεργασίας. ",
    "program_help_3" : "Τα αρχεία μεταφορτώνονται αυτόματα στον απομακρυσμένο εξυπηρετητή μετά την ενημέρωσή τους στο τοπικό σύστημα. ",
    "program_help_4" : "Μπορείτε να βρείτε περισσότερες πληροφορίες στο συνημμένο αρχείο readme.txt\n",
    "program_help_5" : "Βοήθεια για την εντολή:\ndxsync.sh <επιλογές> <command>\n",
    "program_help_6" : "Διαθέσιμες εντολές:",
    "program_help_7" : "init\n    Αποδίδει αρχικές τιμές σε ένα θέμα εντός του τρέχοντα τοπικού καταλόγου",
    "program_help_8" : "run\n    Εκτελεί συγχρονισμό διπλής κατεύθυνσης και διατηρεί τη διεργασία ενεργή στο παρασκήνιο ώστε να αναζητά νέες αλλαγές στα αρχεία",
    "program_help_9" : "pull\n    Εκτελεί συγχρονισμό μίας κατεύθυνσης για να μεταφορτώσει όλα τα ενημερωμένα αρχεία από το απομακρυσμένο σύστημα",
    "program_help_10" : "push\n    Εκτελεί συγχρονισμό μίας κατεύθυνσης για να μεταφορτώσει όλα τα ενημερωμένα αρχεία στο απομακρυσμένο σύστημα (αντικαθιστώντας τις αλλαγές στο απομακρυσμένο σύστημα)\n",
    "program_help_11" : "Διαθέσιμες επιλογές:",
    "program_help_12" : "--debug\n    Ενεργοποιεί την κατάσταση εντοπισμού και διόρθωσης σφαλμάτων με τις προεπιλεγμένες τιμές (επίπεδο: finer, όλες οι μέθοδοι και όλα τα αρχεία)",
    "program_help_13" : "--debug-finest\n    Ορίζει το επίπεδο ιχνηλασίας finest\n",
    "log_file_location" : "Το αρχείο καταγραφής θα εγγραφεί στο %s/.dxsync.log",
    "log_file_location2" : "Το αρχείο καταγραφής βρίσκεται εδώ: %s",
    "sigint" : "Η διεργασία διακόπτεται. ",
    "uncaught_exception" : "Μη εντοπισμένη εξαίρεση",
    "unrecognized_command" : "Άγνωστη εντολή: %s",
    "unrecognized_option" : "Άγνωστη επιλογή: %s",
    "too_many_commands" : "Πολλές εντολές: %s",
    "setup_1" : "Με αυτή την εντολή δημιουργείτε ένα νέο σημείο συγχρονισμού θέματος στον ",
    "setup_2" : "τρέχοντα κατάλογο '%s'.\n",
    "setup_3" : "Ακολουθήστε τις οδηγίες στα εμφανιζόμενα μηνύματα για να συνδεθείτε στην απομακρυσμένη χρήση του IBM WebSphere Portal.",
    "setup_connecting" : "Σύνδεση στον απομακρυσμένο εξυπηρετητή...",
    "setup_themes_found" : "Βρέθηκαν τα ακόλουθα θέματα. Επιλέξτε εκείνο στο οποίο επιθυμείτε να συνδεθείτε:",
    "setup_theme_desc" : "Καταχωρήστε έναν αριθμό μεταξύ 1 και %d",
    "setup_theme_exists" : "Interrupting setup process as your synchronization point is already connected to a theme. If you wish to synchronize another theme please create a new directory and start the setup process there, or copy the .settings file manually.",
    "list_themes" : "Ανάκτηση θεμάτων από: %s",
    "list_themes_none" : "Δεν βρέθηκαν θέματα στον εξυπηρετητή προορισμού. ",
    "setup_abort" : "Ματαίωση απόδοση αρχικών τιμών.",
    "setup_success1" : "Επιτυχημένη ρύθμιση συγχρονισμού θεμάτων. ",
    "setup_success2" : "Είστε έτοιμοι να εκτελέσετε το συγχρονισμό με χρήση της εντολής 'run'.",
    "print_config" : "Ρυθμίσεις:",
    "error_loading_config" : "Δεν είναι δυνατή η φόρτωση των ρυθμίσεων dxsync σε αυτό τον κατάλογο. Εκτελέστε πρώτα την εντολή 'dxsync.sh init'.",
    "error_host" : "Δεν είναι δυνατή η σύνδεση στον υπολογιστή. ",
    "error_refused" : "Η σύνδεση απορρίφθηκε. ",
    "error_not_found" : "Το ζητούμενο στοιχείο δεν βρέθηκε. ",
    "error_unauthorized" : "Αποτυχία εξουσιοδότησης. Εσφαλμένο όνομα χρήστη ή κωδικός πρόσβασης. ",

    "config_section_basic" : "Βασικές επιλογές",
    "config_section_advanced" : "Πρόσθετες επιλογές",
    "config_host_desc" : "Όνομα υπολογιστή",
    "config_user_desc" : "Όνομα χρήστη",
    "config_pass_desc" : "Κωδικός πρόσβασης",
    "config_contenthandler_desc" : "Διαδρομή προς τη μικροεφαρμογή εξυπηρετητή χειρισμού περιεχομένου",
    "config_port_desc" : "Θύρα",
    "config_theme_desc" : "Θέμα",
    "config_syncinterval_desc" : "Χρονικό διάστημα, σε λεπτά, μέχρι το συγχρονισμό στο παρασκήνιο",
    "config_connections_desc" : "Πλήθος ταυτόχρονων απομακρυσμένων συνδέσεων",
    "config_filter_desc" : "Κανονική έκφραση για την παράβλεψη αρχείων",

    "webdav_request_canceled" : "Η αίτηση του WebDAV διακόπηκε εξαιτίας της ακύρωσης της. ",
    "webdav_retry_success" : "Επιτυχημένη ανάλυση προβλήματος που εντοπίστηκε νωρίτερα για το '%s' μετά από %s απόπειρες. ",
    "webdav_invalid_url" : "Μη έγκυρη διεύθυνση URL (%s) - το σχήμα δεν βρέθηκε ",

    "watcher_restart" : "Επανεκκίνηση συγχρονισμού θεμάτων! (η εντολή μετονομασίας παρέμεινε ανεπιτυχής για %s)",
    "watcher_restart2" : "Επανεκκίνηση συγχρονισμού θεμάτων! (δεν βρέθηκε η διεργασία χειρισμού στη διαδρομή #1 ; %s)",
    "watcher_restart3" : "Επανεκκίνηση συγχρονισμού θεμάτων! (δεν βρέθηκε η διεργασία χειρισμού στη διαδρομή #2 ; %s)",
    "watcher_stateexception" : "UnknownStateException:\npath: %s\nwatchedPath: %\nstartDir: %s",
    "watcher_windows_1" : "Εξαιτίας των περιορισμών της πλατφόρμας σε Windows (χειρισμός λειτουργιών χειρισμού ανοικτών αρχείων) η διαγραφή καταλόγων δεν υποστηρίζεται κατά την παρακολούθηση αρχείων. ",
    "watcher_windows_2" : "Προκειμένου να διαγραφεί ένας φάκελος ενώ παρακολουθείτε, χρησιμοποιήστε άλλο λειτουργικό σύστημα όπως OSX ή Linux. Στα Windows, σταματήστε την παρακολούθηση, διαγράψτε το φάκελο και επανεκκινήστε τη διεργασία. \n",
    "watcher_unable_1" : "Δεν είναι δυνατή η παρακολούθηση αρχείων καθώς λείπει η λειτουργική μονάδα παρακολούθησης διαδρομής (pathwatcher). Εγκαταστήστε τη λειτουργική μονάδα από την προέλευση χωρίς τον ενδείκτη --no-optional.",
    "watcher_unable_2" : "Στείλτε στο δημιουργό αυτής της λειτουργικής μονάδας σχόλια που αφορούν τις εξαρτήσεις από προμεταγλωττισμένα στοιχεία που λείπουν. ",
    "watcher_unable_3" : "Πληροφορίες του συστήματός σας: %s (Πλατφόρμα) / %s (Αρχιτεκτονική)\n",
    "watcher_win_toomany_folders" : "Δεν είναι δυνατή η παρακολούθηση του καταλόγου '%s' εξαιτίας ενός μη αναλυμένου σφάλματος σε ένα προαπαιτούμενο λειτουργικό τμήμα. \nΑνατρέξτε στην ιστοσελίδα https://github.com/atom/node-pathwatcher/issues/70 για περισσότερες πληροφορίες. ",
    "watcher_win_toomany_folders_start" : "Δεν είναι δυνατή η παρακολούθηση των ακόλουθων καταλόγων εξαιτίας ενός μη αναλυμένου σφάλματος σε ένα προαπαιτούμενο λειτουργικό τμήμα. \nΑνατρέξτε στην ιστοσελίδα https://github.com/atom/node-pathwatcher/issues/70 για περισσότερες πληροφορίες. ",
    "watcher_forcewatch_info" : "Αν χρειαστεί να παρακολουθήσετε οποιονδήποτε από τους παραπάνω καταλόγους εκ μέρους άλλων, μπορείτε να χρησιμοποιήσετε τη ρύθμιση 'forceWatch'. Απλά προσθέστε το στοιχείο forceWatch στο αρχείο ρυθμίσεων που βρίσκεται στη θέση %s. Η τιμή είναι ένας πίνακας με τους καταλόγους προς παρακολούθηση. Παράδειγμα: \"forceWatch\": [\"/example/directory\"]",

    "sync_idle" : "Αδράνεια...",
    "sync_background_start" : "Έναρξη νέου συγχρονισμού σε %d λεπτά...",
    "sync_background_disabled" : "Ο συγχρονισμός στο παρασκήνιο έχει απενεργοποιηθεί. ",
    "sync_invalid_mode" : "Μεταβιβάστηκε μη έγκυρη μεταβλητή κατάστασης λειτουργίας.",
    "sync_2way_phase_1" : "Εκκίνηση συγχρονισμού διπλής κατεύθυνσης... Φάση 1...",
    "sync_2way_notification" : "Ο συγχρονισμός διπλής κατεύθυνσης εκκινήθηκε",
    "sync_push_phase_1" : "Αποστολή ενημερωμένων αρχείων... Φάση 1...",
    "sync_push_notification" : "Αποστολή ενημερωμένων αρχείων",
    "sync_pull_phase_1" : "Λήψη ενημερωμένων αρχείων... Φάση 1...",
    "sync_pull_notification" : "Λήψη ενημερωμένων αρχείων",
    "sync_notification_subtitle" : "Περιμένετε πριν κάνετε άλλες ενημερώσεις.",
    "sync_phase2" : "Φάση 2...",
    "sync_complete" : "Ο συγχρονισμός ολοκληρώθηκε.",
    "sync_complete_subtitle" : "Μπορείτε με ασφάλεια να κάνετε ξανά αλλαγές σε αρχεία. ",
    "sync_complete_subtitle2" : "\nΠαρακολούθηση αρχείων για αλλαγές...",
    "sync_notification_generic_error" : "Σφάλμα %s κατά την απόπειρα εκτέλεσης της ενέργειας %s [%s]",
    "sync_notification_multiple_error" : "Πολλαπλά σφάλματα %s κατά την απόπειρα εκτέλεσης της ενέργειας %s [%s]",
    "sync_error_command_create" : "δημιουργία",
    "sync_error_command_delete" : "διαγραφή",
    "sync_error_command_update" : "ενημέρωση",
    "sync_error_command_move" : "μετακίνηση",
    "sync_notification_sync_complete" : "Ο συγχρονισμός ολοκληρώθηκε [%s]",
    "sync_notification_upload_complete" : "Η αποστολή ολοκληρώθηκε [%s]",
    "sync_notification_upload_error" : "Σφάλμα %s κατά την αποστολή [%s]",
    "sync_notification_download_complete" : "Η λήψη ολοκληρώθηκε [%s]",
    "sync_notification_delete_complete" : "Η διαγραφή ολοκληρώθηκε [%s]",
    "sync_notification_deletelocal_complete" : "Το τοπικό αρχείο διαγράφηκε [%s]",
    "sync_notification_merge_complete" : "Η διένεξη συγχώνευσης επιλύθηκε [%s]",
    "sync_notification_no_update" : "Δεν απαιτείται ενημέρωση [%s]",
    "sync_notification_merge_conflict" : "Διένεξη συγχώνευσης [%s]",
    "sync_notification_rename_complete" : "Η μετονομασία ολοκληρώθηκε",
    "sync_notification_rename_data_complete" : "Η μετονομασία ολοκληρώθηκε: %s => %s",
    "sync_notification_move_complete" : "Η μεταφορά ολοκληρώθηκε",
    "sync_notification_move_data_complete" : "Η μεταφορά ολοκληρώθηκε: %s => %s",
    "sync_dir_created" : "Η δημιουργία καταλόγου ολοκληρώθηκε: %s",
    "sync_upload_skip" : "Παράβλεψη μεταφόρτωσης του αρχείου εξαιτίας διένεξης εκκρεμούς συγχώνευσης: %s",
    "sync_upload_start" : "Αποστολή αρχείου: %s",
    "sync_upload_complete" : "Η αποστολή αρχείου ολοκληρώθηκε: %s",
    "sync_delete_dir_skip" : "Παράβλεψη διαγραφής απομακρυσμένου καταλόγου εξαιτίας διένεξης εκκρεμούς συγχώνευσης: %s",
    "sync_delete_file_skip" : "Παράβλεψη διαγραφής απομακρυσμένου αρχείου εξαιτίας διένεξης εκκρεμούς συγχώνευσης: %s",
    "sync_delete_dir_complete" : "Η διαγραφή καταλόγου ολοκληρώθηκε: %s",
    "sync_delete_file_complete" : "Η διαγραφή αρχείου ολοκληρώθηκε: %s",
    "sync_delete_localfile_cancel" : "Η διαγραφή τοπικού αρχείου διακόπηκε εξαιτίας της ακύρωσης της αίτησης. ",
    "sync_delete_localfile_skip" : "Παράβλεψη διαγραφής τοπικού αρχείου εξαιτίας διένεξης εκκρεμούς συγχώνευσης: %s",
    "sync_write_cancel" : "Η εγγραφή τοπικού αρχείου διακόπηκε εξαιτίας της ακύρωσης της αίτησης.",
    "sync_download_complete" : "Η μεταφόρτωση αρχείου ολοκληρώθηκε: %s",
    "sync_resolve_cancel" : "Η επίλυση της διένεξης διακόπηκε εξαιτίας της ακύρωσης της αίτησης. ",
    "sync_resolve_complete" : "Η διένεξη συγχώνευσης επιλύθηκε για: %s",
    "sync_resolve_unknown_action" : "Άγνωστη ενέργεια %s",
    "sync_sync_upload_skip" : "Παράβλεψη λήψης του αρχείου %s",
    "sync_sync_delete_skip" : "Παράβλεψη διαγραφής του αρχείου %s",
    "sync_sync_download_skip" : "Παράβλεψη αποστολής του αρχείου %s",
    "sync_merge_help_1" : "Για να επιλυθεί η διένεξη, συγχωνεύστε τα αρχεία. Μετά τη συγχώνευση, μετονομάστε το '%s' σε '%s'.",
    "sync_merge_help_2" : "Με αυτό τον τρόπο το σύστημα θα επιλύσει τη διένεξη και να στείλει το διορθωμένο αρχείο. ",
    "sync_merge_help_deleted_remotely_1" : "Για να επιλυθεί η διένεξη, έχετε δύο επιλογές:",
    "sync_merge_help_deleted_remotely_2" : "1) Επίλυση μέσω διαγραφής - Διαγράφεται και το τοπικό αρχείο. ",
    "sync_merge_help_deleted_remotely_3" : "   Αυτό μπορεί να επιτευχθεί με τη μετονομασία του '%s' σε '%s'.",
    "sync_merge_help_deleted_remotely_4" : "2) Επίλυση στο απομακρυσμένο σύστημα - Μεταφόρτωση του απομακρυσμένου αρχείου. ",
    "sync_merge_help_deleted_remotely_5" : "   Αυτό μπορεί να επιτευχθεί με τη μετονομασία του '%s' σε '%s'.",
    "sync_merge_help_deleted_remotely_6" : "Με αυτό τον τρόπο το σύστημα θα διορθώσει τη διένεξη. ",
    "sync_merge_help_deleted_locally_1" : "Για να επιλυθεί η διένεξη, έχετε δύο επιλογές:",
    "sync_merge_help_deleted_locally_2" : "1) Επίλυση μέσω διαγραφής - Διαγράφεται και το τοπικό αρχείο. ",
    "sync_merge_help_deleted_locally_3" : "   Αυτό μπορεί να επιτευχθεί με τη μετονομασία του '%s' σε '%s'.",
    "sync_merge_help_deleted_locally_4" : "2) Επίλυση στο απομακρυσμένο σύστημα - Μεταφόρτωση του απομακρυσμένου αρχείου. ",
    "sync_merge_help_deleted_locally_5" : "   Αυτό μπορεί να επιτευχθεί με τη μετονομασία του '%s' σε '%s'.",
    "sync_merge_help_deleted_locally_6" : "Με αυτό τον τρόπο το σύστημα θα διορθώσει τη διένεξη. ",
    "sync_conflict_local_deleted_1" : "Απαιτείται μη αυτόματη παρέμβαση για: %s",
    "sync_conflict_local_deleted_2" : "Το αρχείο διαγράφηκε στο τοπικό σύστημα και ενημερώθηκε στον απομακρυσμένο εξυπηρετητή. Δεν μπορεί να προσδιοριστεί αν πρέπει να μεταφορτωθεί ή να διαγραφεί το ενημερωμένο απομακρυσμένο αρχείο. ",
    "sync_conflict_local_deleted_3" : "Μεταφόρτωση του αρχείου ως %s",
    "sync_conflict_remote_deleted_1" : "Απαιτείται μη αυτόματη παρέμβαση για: %s",
    "sync_conflict_remote_deleted_2" : "Το αρχείο διαγράφηκε στο απομακρυσμένο σύστημα και ενημερώθηκε στο τοπικό σύστημα. Δεν μπορεί να προσδιοριστεί αν πρέπει να μεταφορτωθεί ή να διαγραφεί το ενημερωμένο αρχείο. ",
    "sync_conflict_both_1" : "Απαιτείται μη αυτόματη συγχώνευση για: %s",
    "sync_conflict_both_2" : "Το αρχείο ενημερώθηκε στο τοπικό σύστημα και στον απομακρυσμένο εξυπηρετητή. ",
    "sync_conflict_both_3" : "Μεταφόρτωση του αρχείου ως %s",
    "sync_conflict_outstanding" : "Διένεξη εκκρεμούς συγχώνευσης για: %s",
    "sync_event_add_dir" : "Δημιουργία αναγνωρισμένου καταλόγου: %s",
    "sync_event_add_file" : "Δημιουργία αναγνωρισμένου αρχείου: %s",
    "sync_event_delete_dir" : "Αφαίρεση αναγνωρισμένου καταλόγου: %s",
    "sync_event_delete_file" : "Αφαίρεση αναγνωρισμένου αρχείου: %s",
    "sync_event_rename_dir" : "Αφαίρεση/μεταφορά αναγνωρισμένου καταλόγου: %s",
    "sync_event_rename_file" : "Αφαίρεση/μεταφορά αναγνωρισμένου αρχείου: %s",
    "sync_event_change_file" : "Αλλαγή αναγνωρισμένου αρχείου: %s",
    "sync_rename_skip" : "Παράβλεψη μετονομασίας τοπικού αρχείου εξαιτίας διένεξης εκκρεμούς συγχώνευσης: %s",
    "sync_start_watching" : "Τα αρχεία στον κατάλογο '%s' παρακολουθούνται για αλλαγές...",

    "sync_report" : "Αναφορά συγχρονισμού:\nΣύνολο     : %d\nΑποστολή   : %d\nΛήψη : %d\nΔιαγραφή    : %d / %d (Τοπικά/Απομακρυσμένα)\nΔιενέξεις  : %d / %d (Διορθώθηκαν)\nΚαμία ενέργεια : %d\nΣφάλματα : %d\n",
    "sync_error_happened" : "Παρουσιάστηκε σφάλματα κατά το συγχρονισμό!"

}

