{
    "program_title" : "Sincronización de archivos de IBM Digital Experience v%s",
    "program_help_1" : "Este programa de utilidad sincroniza recursos WebDAV para un tema de IBM WebSphere Portal con un directorio local.",
    "program_help_2" : "Permite a un desarrollador de temas trabajar fácilmente con estos archivos de forma local utilizando su propio editor favorito.",
    "program_help_3" : "Los archivos se cargan automáticamente al servidor remoto cuando se actualizan localmente.",
    "program_help_4" : "Se puede encontrar más información en el archivo readme.txt adjunto\n",
    "program_help_5" : "Ayuda de mandato:\ndxsync.sh <opciones> <command>\n",
    "program_help_6" : "Mandatos disponibles:",
    "program_help_7" : "init\n   Inicializa un tema dentro del directorio local actual",
    "program_help_8" : "run\n    Ejecuta una sincronización de 2 vías y mantiene el proceso activo en segundo plano para para observar si hay cambios de archivos",
    "program_help_9" : "pull\n    Causa una sincronización de una vía para descargar todos los archivos actualizados del sistema remoto",
    "program_help_10" : "push\n    Causa una sincronización de una vía para cargar todos los archivos actualizados (sobrescribiendo cambios remotos) en el sistema remoto\n",
    "program_help_11" : "Opciones disponibles:",
    "program_help_12" : "--debug\n    Habilita la modalidad de depuración con los valores predeterminados (nivel: más fino, todos los métodos y archivos)",
    "program_help_13" : "--debug-finest\n    Establece el nivel de rastreo en finest\n",
    "log_file_location" : "El archivo de registro se grabará en %s/.dxsync.log",
    "log_file_location2" : "El archivo de rastreo puede encontrarse aquí: %s",
    "sigint" : "Interrumpiendo proceso. Adiós.",
    "uncaught_exception" : "Excepción no capturada",
    "unrecognized_command" : "Mandato no reconocido: %s",
    "unrecognized_option" : "Opción no reconocida: %s",
    "too_many_commands" : "Demasiados mandatos: %s",
    "setup_1" : "Con este mandato está creando un nuevo punto de sincronización de temas en el",
    "setup_2" : "directorio actual '%s'.\n",
    "setup_3" : "Siga las solicitudes para conectarse a la instancia de IBM WebSphere Portal remota.",
    "setup_connecting" : "Conectando al servidor remoto...",
    "setup_themes_found" : "Se encontraron los siguientes temas. Seleccione con el que le gustaría conectarse:",
    "setup_theme_desc" : "Escriba un número entre 1 y %d",
    "setup_theme_exists" : "Interrupting setup process as your synchronization point is already connected to a theme. If you wish to synchronize another theme please create a new directory and start the setup process there, or copy the .settings file manually.",
    "list_themes" : "Captando temas de %s",
    "list_themes_none" : "No se encontraron temas en el servidor de destino.",
    "setup_abort" : "Terminando anormalmente la inicialización.",
    "setup_success1" : "Configuración satisfactoria de la sincronización de temas.",
    "setup_success2" : "Está preparado para ejecutar la sincronización con el mandato 'run'.",
    "print_config" : "Configuración:",
    "error_loading_config" : "No se han podido cargar los valores dxsync en este directorio. Ejecute primero 'dxsync.sh init'.",
    "error_host" : "No se puede conectar con host.",
    "error_refused" : "Conexión rechazada.",
    "error_not_found" : "No se ha encontrado el elemento solicitado.",
    "error_unauthorized" : "No autorizado. Nombre de usuario o contraseña incorrectos. ",

    "config_section_basic" : "Básica",
    "config_section_advanced" : "Avanzada",
    "config_host_desc" : "Nombre de host",
    "config_user_desc" : "Nombre de usuario",
    "config_pass_desc" : "Contraseña",
    "config_contenthandler_desc" : "Vía de acceso al servlet de manejador de contenido",
    "config_port_desc" : "Puerto",
    "config_theme_desc" : "Tema",
    "config_syncinterval_desc" : "Intervalo en minutos para la sincronización en segundo plano",
    "config_connections_desc" : "Número de conexiones remotas simultáneas",
    "config_filter_desc" : "Expresión regular para ignorar archivos",

    "webdav_request_canceled" : "Se ha interrumpido la solicitud WebDAV debido a una solicitud de cancelación.",
    "webdav_retry_success" : "Anteriormente se ha encontrado un problema resuelto satisfactoriamente para '%s' después de intentar %s veces.",
    "webdav_invalid_url" : "URL no válido (%s) - no se puede encontrar esquema",

    "watcher_restart" : "Reiniciar sincronización de temas (mandato rename no satisfactorio para %s)",
    "watcher_restart2" : "Reiniciar sincronización de temas (no se ha podido encontrar manejador por vía acceso #1 ? %s)",
    "watcher_restart3" : "Reiniciar sincronización de temas (no se ha podido encontrar manejador por vía de acceso #2 ? %s)",
    "watcher_stateexception" : "UnknownStateException:\npath: %s\nwatchedPath: %\nstartDir: %s",
    "watcher_windows_1" : "Debido a limitaciones de plataforma en Windows (el manejo del controlador de archivos abiertos), la supresión de directorios no está soportada mientras se observan archivos.",
    "watcher_windows_2" : "Para suprimir una carpeta mientras se observan, utilice otro sistema operativo como OSX o Linux. En Windows, detenga la observación, suprima la carpeta y, a continuación, reinicie el proceso.\n",
    "watcher_unable_1" : "No se pueden observar archivos debido a que falta el módulo pathwatcher. Instale el módulo desde la fuente sin el distintivo --no-optional.",
    "watcher_unable_2" : "Proporcione comentarios al autor de este módulo acerca de las dependencias precompiladas que faltan.",
    "watcher_unable_3" : "Su información del sistema: %s (plataforma) / %s (arquitectura)\n",
    "watcher_win_toomany_folders" : "No se puede observar el directorio '%s' debido a un error no resuelto en un componente que es requisito previo.\nConsulte https://github.com/atom/node-pathwatcher/issues/70 para obtener más información.",
    "watcher_win_toomany_folders_start" : "No se pueden observar los siguientes directorios debido a un error no resuelto en un componente de requisito previo. \nConsulte https://github.com/atom/node-pathwatcher/issues/70 para obtener más información.",
    "watcher_forcewatch_info" : "Si necesita que alguno de los directorios anteriores se observe en favor de los demás, puede utilizar el valor 'forceWatch'. Simplemente añada el elemento forceWatch al archivo de valores ubicado en %s. El valor es una matriz de directorios para forzar la observación. Ejemplo: \"forceWatch\": [\"/example/directory\"]",

    "sync_idle" : "Desocupado...",
    "sync_background_start" : "Iniciando sincronización siguiente en %d minutos...",
    "sync_background_disabled" : "Sincronización en segundo plano inhabilitada.",
    "sync_invalid_mode" : "Ha pasado la variable de modalidad no válida.",
    "sync_2way_phase_1" : "Sincronización de 2 vías iniciada... Fase 1...",
    "sync_2way_notification" : "Sincronización de 2 vías iniciada",
    "sync_push_phase_1" : "Cargando archivos actualizados... Fase 1...",
    "sync_push_notification" : "Cargando archivos actualizados",
    "sync_pull_phase_1" : "Descargando archivos actualizados... Fase 1...",
    "sync_pull_notification" : "Descargando archivos actualizados",
    "sync_notification_subtitle" : "Espere antes de realizar más actualizaciones.",
    "sync_phase2" : "Fase 2...",
    "sync_complete" : "La sincronización ha finalizado.",
    "sync_complete_subtitle" : "Es seguro volver a realizar cambios de archivos.",
    "sync_complete_subtitle2" : "\nObservando si hay cambios en archivos...",
    "sync_notification_generic_error" : "Error %s al intentar %s [%s]",
    "sync_notification_multiple_error" : "Varios errores %s al intentar %s [%s]",
    "sync_error_command_create" : "crear",
    "sync_error_command_delete" : "suprimir",
    "sync_error_command_update" : "actualizar",
    "sync_error_command_move" : "mover",
    "sync_notification_sync_complete" : "Sincronización finalizada [%s]",
    "sync_notification_upload_complete" : "Carga finalizada [%s]",
    "sync_notification_upload_error" : "Error %s al cargar [%s]",
    "sync_notification_download_complete" : "Descarga finalizada [%s]",
    "sync_notification_delete_complete" : "Supresión finalizada [%s]",
    "sync_notification_deletelocal_complete" : "Archivo local suprimido [%s]",
    "sync_notification_merge_complete" : "Conflicto de fusión resuelto [%s]",
    "sync_notification_no_update" : "No es necesaria ninguna actualización [%s]",
    "sync_notification_merge_conflict" : "Conflicto de fusión [%s]",
    "sync_notification_rename_complete" : "Se ha completado el cambio de nombre",
    "sync_notification_rename_data_complete" : "Se ha completado el cambio de nombre: %s => %s",
    "sync_notification_move_complete" : "Operación de mover completada.",
    "sync_notification_move_data_complete" : "Operación de mover completada: %s => %s",
    "sync_dir_created" : "Creación de directorio completada: %s",
    "sync_upload_skip" : "Omitiendo carga de archivo debido a un conflicto de fusión pendiente: %s",
    "sync_upload_start" : "Cargando archivo: %s",
    "sync_upload_complete" : "Carga de archivo completada: %s",
    "sync_delete_dir_skip" : "Omitiendo supresión de directorio remoto debido a un conflicto de fusión pendiente: %s",
    "sync_delete_file_skip" : "Omitiendo supresión de archivo remoto debido a un conflicto de fusión pendiente: %s",
    "sync_delete_dir_complete" : "Supresión de directorio completada: %s",
    "sync_delete_file_complete" : "Supresión de archivo completada: %s",
    "sync_delete_localfile_cancel" : "Se ha interrumpido la supresión de archivo local debido a una solicitud de cancelación.",
    "sync_delete_localfile_skip" : "Omitiendo supresión de archivo local debido a un conflicto de fusión pendiente: %s",
    "sync_write_cancel" : "Se ha interrumpido la grabación de archivo local debido a una solicitud de cancelación.",
    "sync_download_complete" : "Descarga de archivo completada: %s",
    "sync_resolve_cancel" : "Se ha interrumpido la resolución de conflicto debido a una solicitud de cancelación.",
    "sync_resolve_complete" : "Conflicto de fusión resuelto para %s",
    "sync_resolve_unknown_action" : "Acción desconocida %s",
    "sync_sync_upload_skip" : "Omitiendo carga de archivo %s",
    "sync_sync_delete_skip" : "Omitiendo supresión de archivo %s",
    "sync_sync_download_skip" : "Omitiendo descarga de archivo %s",
    "sync_merge_help_1" : "Para resolver el conflicto, fusione los archivos. Una vez se han fusionado, cambie el nombre '%s' por '%s'.",
    "sync_merge_help_2" : "Esto hará que el sistema resuelva el conflicto y actualice el archivo resuelto.",
    "sync_merge_help_deleted_remotely_1" : "Para resolver el conflicto tiene dos opciones:",
    "sync_merge_help_deleted_remotely_2" : "1) Resolver mediante supresión - También suprime el archivo localmente.",
    "sync_merge_help_deleted_remotely_3" : "   Esto puede lograrse cambiando el nombre '%s' por '%s'.",
    "sync_merge_help_deleted_remotely_4" : "2) Resolver con remoto - Descargar el archivo remoto.",
    "sync_merge_help_deleted_remotely_5" : "   Esto puede lograrse cambiando el nombre '%s' por '%s'.",
    "sync_merge_help_deleted_remotely_6" : "Esto hará que el sistema resuelva el conflicto.",
    "sync_merge_help_deleted_locally_1" : "Para resolver el conflicto tiene dos opciones:",
    "sync_merge_help_deleted_locally_2" : "1) Resolver mediante supresión - También suprime el archivo localmente.",
    "sync_merge_help_deleted_locally_3" : "   Esto puede lograrse cambiando el nombre '%s' por '%s'.",
    "sync_merge_help_deleted_locally_4" : "2) Resolver con remoto - Descargar el archivo remoto.",
    "sync_merge_help_deleted_locally_5" : "   Esto puede lograrse cambiando el nombre '%s' por '%s'.",
    "sync_merge_help_deleted_locally_6" : "Esto hará que el sistema resuelva el conflicto.",
    "sync_conflict_local_deleted_1" : "Intervención manual requerida para %s",
    "sync_conflict_local_deleted_2" : "El archivo se ha suprimido localmente y se ha actualizado en el servidor remoto. No se puede determinar si se debe descargar el archivo remoto actualizarlo o suprimirlo.",
    "sync_conflict_local_deleted_3" : "Descargando el archivo como %s",
    "sync_conflict_remote_deleted_1" : "Intervención manual requerida para %s",
    "sync_conflict_remote_deleted_2" : "El archivo se ha suprimido de forma remota y se ha actualizado localmente. No se ha podido determinar si se debe cargar el archivo actualizado o suprimirlo. ",
    "sync_conflict_both_1" : "Fusión manual requerida para %s",
    "sync_conflict_both_2" : "El archivo se ha actualizado localmente y en el servidor remoto.",
    "sync_conflict_both_3" : "Descargando archivo como %s",
    "sync_conflict_outstanding" : "Conflicto de fusión pendiente para %s",
    "sync_event_add_dir" : "Creación de directorio reconocido: %s",
    "sync_event_add_file" : "Creación de archivo reconocido: %s",
    "sync_event_delete_dir" : "Eliminación de directorio reconocido: %s",
    "sync_event_delete_file" : "Eliminación de archivo reconocido: %s",
    "sync_event_rename_dir" : "Renombrar/mover directorio reconocido: %s",
    "sync_event_rename_file" : "Renombrar/mover archivo reconocido: %s",
    "sync_event_change_file" : "Cambio de archivo reconocido: %s",
    "sync_rename_skip" : "Omitiendo cambio de nombre del archivo local debido a un conflicto de fusión pendiente: %s",
    "sync_start_watching" : "Observando si hay cambios en archivos en '%s'...",

    "sync_report" : "Informe de sincronización:\nTotal      : %d\nCargado   : %d\nDescargado : %d\nSuprimido  : %d / %d (Local/Remoto)\nConflictos  : %d / %d (Resuelto)\nNinguna acción  : %d\nErrores    : %d\n",
    "sync_error_happened" : "Se han producido errores durante la sincronización."

}

