{
    "program_title" : "IBM Digital Experience File Sync v%s",
    "program_help_1" : "Cet utilitaire synchronise les ressources WebDAV pour un thème IBM WebSphere Portal avec un répertoire local.",
    "program_help_2" : "Cela permet à un développeur de thème de gérer facilement ces fichiers en local à l'aide de votre éditeur préféré.",
    "program_help_3" : "Les fichiers sont automatiquement envoyés par téléchargement sur le serveur distant lorsqu'ils sont mis à jour en local.",
    "program_help_4" : "D'autres informations sont disponibles dans le fichier readme.txt associé.\n",
    "program_help_5" : "Aide sur la commande \ndxsync.sh <options> <command>\n",
    "program_help_6" : "Commandes disponibles :",
    "program_help_7" : "init\n    Initialiser un thème dans le répertoire local en cours",
    "program_help_8" : "run\n    Exécuter une synchronisation bidirectionnelle et maintenir le processus actif en arrière-plan pour surveiller les modifications de fichier",
    "program_help_9" : "pull\n    Forcer une synchronisation unidirectionnelle à recevoir par téléchargement tous les fichiers mis à jour à partir du système distant",
    "program_help_10" : "push\n    Forcer une synchronisation unidirectionnelle à envoyer par téléchargement tous les fichiers mis à jour (en écrasant les modifications à distance) sur le système distant\n",
    "program_help_11" : "Options disponibles :",
    "program_help_12" : "--debug\n    Active le mode de débogage par défaut avec les valeurs par défaut (niveau : plus fin, toutes les méthodes et tous les fichiers)",
    "program_help_13" : "--debug-finest\n    Définit le niveau de trace sur la valeur Le plus fin\n",
    "log_file_location" : "Le fichier journal sera écrit dans %s/.dxsync.log",
    "log_file_location2" : "Le fichier journal se trouve ici : %s",
    "sigint" : "Arrêt du processus. Au revoir.",
    "uncaught_exception" : "Exception non interceptée",
    "unrecognized_command" : "Commande non reconnue : %s",
    "unrecognized_option" : "Option non reconnue : %s",
    "too_many_commands" : "Trop grand nombre de commandes : %s",
    "setup_1" : "Cette commande permet de créer un nouveau point de synchronisation de thème dans le",
    "setup_2" : "répertoire en cours '%s'.\n",
    "setup_3" : "Suivez les invites pour vous connecter à l'instance IBM WebSphere Portal distante.",
    "setup_connecting" : "Connexion au serveur distant...",
    "setup_themes_found" : "Les thèmes suivants ont été trouvés. Sélectionnez celui auquel vous souhaitez vous connecter :",
    "setup_theme_desc" : "Entrez un nombre compris entre 1 et %d",
    "setup_theme_exists" : "Interrupting setup process as your synchronization point is already connected to a theme. If you wish to synchronize another theme please create a new directory and start the setup process there, or copy the .settings file manually.",
    "list_themes" : "Extraction de thèmes à partir de %s",
    "list_themes_none" : "Aucun thème trouvé sur le serveur cible.",
    "setup_abort" : "Abandon de l'initialisation.",
    "setup_success1" : "La configuration de la synchronisation de thème a abouti.",
    "setup_success2" : "Vous êtes prêt à exécuter la synchronisation à l'aide de la commande 'run'.",
    "print_config" : "Configuration :",
    "error_loading_config" : "Impossible de charger les paramètres dxsync dans ce répertoire. Exécutez d'abord 'dxsync.sh init'. ",
    "error_host" : "Impossible de se connecter à l'hôte.",
    "error_refused" : "Connexion refusée.",
    "error_not_found" : "L'élément demandé est introuvable.",
    "error_unauthorized" : "Non autorisé. Nom d'utilisateur ou mot de passe incorrect. ",

    "config_section_basic" : "De base",
    "config_section_advanced" : "Avancé",
    "config_host_desc" : "Nom d'hôte",
    "config_user_desc" : "Nom d'utilisateur",
    "config_pass_desc" : "Mot de passe",
    "config_contenthandler_desc" : "Chemin d'accès au servlet de gestionnaire de contenu",
    "config_port_desc" : "Port",
    "config_theme_desc" : "Thème",
    "config_syncinterval_desc" : "Intervalle, en minutes, pour la synchronisation en arrière-plan",
    "config_connections_desc" : "Nombre de connexions distantes simultanées",
    "config_filter_desc" : "Expression régulière pour ignorer les fichiers",

    "webdav_request_canceled" : "Demande WebDAV interrompue en raison d'une demande d'annulation. ",
    "webdav_retry_success" : "Le problème détecté précédemment pour '%s' a été résolu après %s tentatives.",
    "webdav_invalid_url" : "URL non valide (%s) - Schéma introuvable",

    "watcher_restart" : "Redémarrez la synchronisation de thème ! (la commande rename a abouti pour %s)",
    "watcher_restart2" : "Redémarrez la synchronisation de thème ! (gestionnaire introuvable via le chemin #1 ? %s)",
    "watcher_restart3" : "Redémarrez la synchronisation de thème ! (gestionnaire introuvable via le chemin #2 ? %s)",
    "watcher_stateexception" : "UnknownStateException:\npath: %s\nwatchedPath: %\nstartDir: %s",
    "watcher_windows_1" : "En raison de limitations qui s'appliquent aux plateformes sous Windows (traitement des indicateurs d'ouverture de fichier), la suppression de répertoires n'est pas prise en charge lors de la surveillance de fichiers. ",
    "watcher_windows_2" : "Pour pouvoir supprimer un dossier lors de la surveillance, utilisez un autre système d'exploitation, tel que OSX ou Linux. Sous Windows, arrêtez la surveillance, supprimez le dossier, puis redémarrez le processus. \n",
    "watcher_unable_1" : "Impossible de surveiller les fichiers car le module pathwatcher est manquant. Installez le module à partir de la source sans spécifier l'indicateur --no-optional.",
    "watcher_unable_2" : "Communiquez des commentaires en retour au créateur de ce module au sujet des dépendances précompilées manquantes.",
    "watcher_unable_3" : "Vos informations système : %s (Plateforme) / %s (Architecture)\n",
    "watcher_win_toomany_folders" : "Impossible de surveiller le répertoire '%s' en raison d'un bogue non résolu dans un composant prérequis. \nPour plus d'informations, voir https://github.com/atom/node-pathwatcher/issues/70. ",
    "watcher_win_toomany_folders_start" : "Impossible de surveiller les répertoires suivants en raison d'un bogue non résolu dans un composant prérequis.\nPour plus d'informations, voir https://github.com/atom/node-pathwatcher/issues/70. ",
    "watcher_forcewatch_info" : "Si l'un ou plusieurs des répertoires ci-dessus doivent être surveillés, vous pouvez utiliser le paramètre 'forceWatch'. Ajoutez simplement l'élément forceWatch au fichier de paramètres situé dans %s. La valeur est un tableau de répertoires sur lesquels forcer la surveillance. Exemple : \"forceWatch\": [\"/example/directory\"]",

    "sync_idle" : "Inactif...",
    "sync_background_start" : "Démarrage de la synchronisation suivante dans %d minutes...",
    "sync_background_disabled" : "La synchronisation d'arrière-plan est désactivée.",
    "sync_invalid_mode" : "Une variable de mode non valide a été transmise.",
    "sync_2way_phase_1" : "Synchronisation bidirectionnelle démarrée... Phase 1...",
    "sync_2way_notification" : "Synchronisation bidirectionnelle démarrée",
    "sync_push_phase_1" : "Envoi par téléchargement des fichiers mis à jour... Phase 1...",
    "sync_push_notification" : "Envoi par téléchargement des fichiers mis à jour",
    "sync_pull_phase_1" : "Réception par téléchargement des fichiers mis à jour... Phase 1...",
    "sync_pull_notification" : "Réception par téléchargement des fichiers mis à jour",
    "sync_notification_subtitle" : "Veuillez patienter avant d'effectuer d'autres mises à jour.",
    "sync_phase2" : "Phase 2...",
    "sync_complete" : "Synchronisation terminée.",
    "sync_complete_subtitle" : "Vous pouvez à présent effectuer d'autres modifications de fichier.",
    "sync_complete_subtitle2" : "\nSurveillance des modifications de fichiers...",
    "sync_notification_generic_error" : "Erreur %s lors de la tentative de %s [%s]",
    "sync_notification_multiple_error" : "Plusieurs erreurs %s lors de la tentative de %s [%s]",
    "sync_error_command_create" : "créer",
    "sync_error_command_delete" : "supprimer",
    "sync_error_command_update" : "mettre à jour",
    "sync_error_command_move" : "déplacer",
    "sync_notification_sync_complete" : "Synchronisation terminée [%s]",
    "sync_notification_upload_complete" : "Envoi par téléchargement terminé [%s]",
    "sync_notification_upload_error" : "Erreur %s lors de l'envoi par téléchargement [%s]",
    "sync_notification_download_complete" : "Réception par téléchargement terminée [%s]",
    "sync_notification_delete_complete" : "Suppression terminée [%s]",
    "sync_notification_deletelocal_complete" : "Fichier local supprimé [%s]",
    "sync_notification_merge_complete" : "Conflit de fusion résolu [%s]",
    "sync_notification_no_update" : "Aucune mise à jour n'est requise [%s]",
    "sync_notification_merge_conflict" : "Conflit de fusion [%s]",
    "sync_notification_rename_complete" : "Changement de nom terminé",
    "sync_notification_rename_data_complete" : "Changement de nom terminé : %s => %s",
    "sync_notification_move_complete" : "Déplacement terminé",
    "sync_notification_move_data_complete" : "Déplacement terminé !: %s => %s",
    "sync_dir_created" : "Création de répertoire terminée : %s",
    "sync_upload_skip" : "L'envoi par téléchargement de fichier est ignoré en raison d'un conflit de fusion non résolu : %s",
    "sync_upload_start" : "Envoi par téléchargement de fichier : %s",
    "sync_upload_complete" : "Envoi par téléchargement de fichier terminé : %s",
    "sync_delete_dir_skip" : "La suppression de répertoire distant est ignorée en raison d'un conflit de fusion non résolu : %s",
    "sync_delete_file_skip" : "La suppression de fichier distant est ignorée en raison d'un conflit de fusion non résolu : %s",
    "sync_delete_dir_complete" : "Suppression de répertoire terminée : %s",
    "sync_delete_file_complete" : "Suppression de fichier terminée : %s",
    "sync_delete_localfile_cancel" : "Suppression de fichier local interrompue en raison d'une demande d'annulation. ",
    "sync_delete_localfile_skip" : "La suppression de fichier local est ignorée en raison d'un conflit de fusion non résolu : %s",
    "sync_write_cancel" : "Ecriture de fichier local interrompue suite à une demande d'annulation.",
    "sync_download_complete" : "Réception par téléchargement de fichier terminée : %s",
    "sync_resolve_cancel" : "Résolution de conflit interrompue en raison d'une demande d'annulation.",
    "sync_resolve_complete" : "Conflit de fusion résolu pour %s",
    "sync_resolve_unknown_action" : "Action inconnue %s",
    "sync_sync_upload_skip" : "L'envoi par téléchargement de fichier %s est ignoré",
    "sync_sync_delete_skip" : "La suppression de fichier %s est ignorée",
    "sync_sync_download_skip" : "La réception par téléchargement de fichier %s est ignorée",
    "sync_merge_help_1" : "Pour pouvoir résoudre le conflit, fusionnez les fichiers. Une fois les fichiers fusionnés, renommez '%s' en '%s'.",
    "sync_merge_help_2" : "Suite à cette action, le système résoudra le conflit et enverra par téléchargement le fichier résolu.",
    "sync_merge_help_deleted_remotely_1" : "Pour résoudre le conflit, vous disposez de deux possibilités :",
    "sync_merge_help_deleted_remotely_2" : "1) Résolution par suppression - Le fichier est également supprimé en local.",
    "sync_merge_help_deleted_remotely_3" : "   Pour cela, renommez '%s' en '%s'.",
    "sync_merge_help_deleted_remotely_4" : "2) Résolution à distance - Le fichier distant est reçu par téléchargement.",
    "sync_merge_help_deleted_remotely_5" : "   Pour cela, renommez '%s' en '%s'.",
    "sync_merge_help_deleted_remotely_6" : "Suite à cette action, le système résoudra le conflit.",
    "sync_merge_help_deleted_locally_1" : "Pour résoudre le conflit, vous disposez de deux possibilités :",
    "sync_merge_help_deleted_locally_2" : "1) Résolution par suppression - Le fichier est également supprimé en local.",
    "sync_merge_help_deleted_locally_3" : "   Pour cela, renommez '%s' en '%s'.",
    "sync_merge_help_deleted_locally_4" : "2) Résolution à distance - Le fichier distant est reçu par téléchargement.",
    "sync_merge_help_deleted_locally_5" : "   Pour cela, renommez '%s' en '%s'.",
    "sync_merge_help_deleted_locally_6" : "Suite à cette action, le système résoudra le conflit.",
    "sync_conflict_local_deleted_1" : "Intervention manuelle requise pour %s",
    "sync_conflict_local_deleted_2" : "Le fichier a été supprimé en local et mis à jour sur le serveur distant. Impossible de déterminer si le fichier distant envoyé par téléchargement doit être reçu par téléchargement ou supprimé. ",
    "sync_conflict_local_deleted_3" : "Réception par téléchargement du fichier en tant que %s",
    "sync_conflict_remote_deleted_1" : "Intervention manuelle requise pour %s",
    "sync_conflict_remote_deleted_2" : "Le fichier a été supprimé à distance et mis à jour en local. Impossible de déterminer si le fichier mis à jour doit être envoyé par téléchargement ou supprimé. ",
    "sync_conflict_both_1" : "Fusion manuelle requise pour %s",
    "sync_conflict_both_2" : "Le fichier a été mis à jour en local et sur le serveur distant.",
    "sync_conflict_both_3" : "Réception par téléchargement du fichier en tant que %s",
    "sync_conflict_outstanding" : "Conflit de fusion non résolu pour %s",
    "sync_event_add_dir" : "Création de répertoire reconnue : %s",
    "sync_event_add_file" : "Création de fichier reconnue : %s",
    "sync_event_delete_dir" : "Retrait de répertoire reconnu : %s",
    "sync_event_delete_file" : "Retrait de fichier reconnu : %s",
    "sync_event_rename_dir" : "Changement de nom/déplacement de répertoire reconnu : %s",
    "sync_event_rename_file" : "Changement de nom/déplacement de fichier reconnu : %s",
    "sync_event_change_file" : "Changement de fichier reconnu : %s",
    "sync_rename_skip" : "Le changement de nom de fichier local est ignoré en raison d'un conflit de fusion non résolu : %s",
    "sync_start_watching" : "Surveillance des modifications des fichiers dans '%s'...",

    "sync_report" : "Rapport de synchronisation :\nTotal      : %d\nEnvoyés par téléchargement   : %d\nReçus par téléchargement : %d\nSupprimés    : %d / %d (Locaux/Distants)\nConflits  : %d / %d (Résolus)\nAucune action  : %d\nErreurs : %d\n",
    "sync_error_happened" : "Des erreurs se sont produites lors de la synchronisation !"

}

