{
    "program_title" : "IBM Digital Experience File Sync %s",
    "program_help_1" : "Ten program narzędziowy synchronizuje zasoby WebDAV kompozycji produktu IBM WebSphere Portal z katalogiem lokalnym.",
    "program_help_2" : "Ułatwia to programiście tworzącemu kompozycję pracę z tymi plikami, umożliwiając ich lokalne przetwarzanie przy użyciu ulubionego edytora. ",
    "program_help_3" : "Podczas lokalnego aktualizowania plików są one automatycznie przesyłane na zdalny serwer.",
    "program_help_4" : "Dodatkowe informacje można znaleźć w załączonym pliku readme.txt\n",
    "program_help_5" : "Pomoc dotycząca komendy:\ndxsync.sh <opcje> <command>\n",
    "program_help_6" : "Dostępne komendy:",
    "program_help_7" : "init\n    Inicjuje kompozycję w bieżącym katalogu lokalnym",
    "program_help_8" : "run\n    Uruchamia komunikację dwustronną i utrzymuje proces w stanie aktywnym w tle w celu śledzenia zmian plików",
    "program_help_9" : "pull\n    Powoduje uruchomienie synchronizacji jednostronnej w celu pobrania wszystkich zaktualizowanych plików z systemu zdalnego",
    "program_help_10" : "push\n    Powoduje uruchomienie synchronizacji jednostronnej w celu przesłania wszystkich zaktualizowanych plików do systemu zdalnego (nadpisując zmiany zdalne)\n",
    "program_help_11" : "Dostępne opcje:",
    "program_help_12" : "--debug\n    Umożliwia włączenie trybu debugowania z wartościami domyślnymi (poziomy: dokładniej, wszystkie metody i pliki)",
    "program_help_13" : "--debug-finest\n    Ustawia poziom śledzenia na wartość finest\n",
    "log_file_location" : "Plik dziennika zostanie zapisany do pliku %s/.dxsync.log",
    "log_file_location2" : "Plik dziennika można znaleźć tutaj: %s",
    "sigint" : "Przerywanie procesu. Do widzenia.",
    "uncaught_exception" : "Nieprzechwycony wyjątek",
    "unrecognized_command" : "Nierozpoznana komenda: %s",
    "unrecognized_option" : "Nierozpoznana opcja: %s",
    "too_many_commands" : "Zbyt wiele komend: %s",
    "setup_1" : "Za pomocą tej komendy tworzony jest nowy punkt synchronizacji kompozycji w",
    "setup_2" : "bieżącym katalogu %s.\n",
    "setup_3" : "Postępuj zgodnie z wyświetlanymi komunikatami, aby połączyć się ze zdalną instancją produktu IBM WebSphere Portal.",
    "setup_connecting" : "Łączenie się z serwerem zdalnym...",
    "setup_themes_found" : "Znaleziono następujące kompozycje. Wybierz, z którą z kompozycji się połączyć:",
    "setup_theme_desc" : "Wprowadź liczbę z zakresu od 1 do %d",
    "setup_theme_exists" : "Interrupting setup process as your synchronization point is already connected to a theme. If you wish to synchronize another theme please create a new directory and start the setup process there, or copy the .settings file manually.",
    "list_themes" : "Pobieranie kompozycji z %s",
    "list_themes_none" : "Nie znaleziono kompozycji na serwerze docelowym.",
    "setup_abort" : "Przerywanie inicjowania.",
    "setup_success1" : "Pomyślnie skonfigurowano synchronizację kompozycji.",
    "setup_success2" : "Teraz można wykonać synchronizację, wykonując komendę run.",
    "print_config" : "Konfiguracja:",
    "error_loading_config" : "Nie można załadować ustawień programu dxsync w tym katalogu. Uruchom najpierw komendę dxsync.sh init.",
    "error_host" : "Nie można połączyć się z hostem.",
    "error_refused" : "Odmowa połączenia.",
    "error_not_found" : "Nie znaleziono żądanego elementu.",
    "error_unauthorized" : "Brak autoryzacji. Niepoprawna nazwa użytkownika lub hasło.",

    "config_section_basic" : "Podstawowe",
    "config_section_advanced" : "Zaawansowane",
    "config_host_desc" : "Nazwa hosta",
    "config_user_desc" : "Nazwa użytkownika",
    "config_pass_desc" : "Hasło",
    "config_contenthandler_desc" : "Ścieżka do serwletu procedury obsługi treści",
    "config_port_desc" : "Port",
    "config_theme_desc" : "Kompozycja",
    "config_syncinterval_desc" : "Czas synchronizacji w tle w minutach",
    "config_connections_desc" : "Liczba współbieżnych połączeń zdalnych",
    "config_filter_desc" : "Wyrażenie regularne umożliwiające ignorowanie plików",

    "webdav_request_canceled" : "Żądanie WebDAV zostało przerwane z powodu żądania anulowania.",
    "webdav_retry_success" : "Pomyślnie rozwiązano problem znaleziony wcześniej dla %s (liczba prób: %s).",
    "webdav_invalid_url" : "Niepoprawny adres URL (%s) - nie można znaleźć schematu",

    "watcher_restart" : "Zrestartuj synchronizację kompozycji! (Komenda zmiany nazwy nie powiodła się dla %s).",
    "watcher_restart2" : "Zrestartuj synchronizację kompozycji! (Nie można znaleźć procedury obsługi w ścieżce #1 ? %s)",
    "watcher_restart3" : "Zrestartuj synchronizację kompozycji! (NIe można znaleźć procedury obsługi w ścieżce #2 ? %s)",
    "watcher_stateexception" : "UnknownStateException:\npath: %s\nwatchedPath: %\nstartDir: %s",
    "watcher_windows_1" : "Z powodu ograniczeń systemu Windows (obsługa procedury obsługi otwartego pliku) usunięcie katalogów nie jest możliwe podczas śledzenia plików.",
    "watcher_windows_2" : "W celu usunięcia folderu podczas śledzenia plików użyj innego systemu operacyjnego, takiego jak OSX lub Linux. W systemie Windows należy zatrzymać śledzenie, usunąć folder i zrestartować proces.\n",
    "watcher_unable_1" : "Nie można śledzić plików z powodu braku modułu pathwatcher. Korzystając z plików źródłowych, zainstaluj moduł bez znacznika --no-optional.",
    "watcher_unable_2" : "Prześlij autorowi tego modułu informacje o braku wstępnie skompilowanych zależności.",
    "watcher_unable_3" : "Informacje o systemie: %s (platforma) / %s (architektura)\n",
    "watcher_win_toomany_folders" : "Nie można śledzić katalogu %s z powodu nierozpoznanego błędu programu w komponencie wymaganym wstępnie.\nWięcej informacji można znaleźć pod adresem https://github.com/atom/node-pathwatcher/issues/70.",
    "watcher_win_toomany_folders_start" : "Nie można śledzić następujących katalogów z powodu nierozpoznanego błędu programu w komponencie wymaganym wstępnie.\nWięcej informacji można znaleźć pod adresem https://github.com/atom/node-pathwatcher/issues/70.",
    "watcher_forcewatch_info" : "Jeśli któreś z powyższych katalogów mają być śledzone zamiast innych, można użyć ustawienia forceWatch. Po prostu dodaj element forceWatch do pliku ustawień znajdującego się w katalogu %s. Wartością jest tablica katalogów, których śledzenie ma zostać wymuszone. Przykład: \"forceWatch\": [\"/przykładowy/katalog\"]",

    "sync_idle" : "Bezczynne...",
    "sync_background_start" : "Następna synchronizacja rozpocznie się za %d min...",
    "sync_background_disabled" : "Wyłączono synchronizację w tle.",
    "sync_invalid_mode" : "Przekazano niepoprawną zmienną trybu.",
    "sync_2way_phase_1" : "Rozpoczęto synchronizację dwustronną... Faza 1...",
    "sync_2way_notification" : "Rozpoczęto synchronizację dwustronną",
    "sync_push_phase_1" : "Przesyłanie zaktualizowanych plików... Faza 1...",
    "sync_push_notification" : "Przesyłanie zaktualizowanych plików",
    "sync_pull_phase_1" : "Pobieranie zaktualizowanych plików... Faza 1...",
    "sync_pull_notification" : "Pobieranie zaktualizowanych plików",
    "sync_notification_subtitle" : "Wstrzymaj się przed wprowadzaniem kolejnych aktualizacji.",
    "sync_phase2" : "Faza 2...",
    "sync_complete" : "Synchronizacja została zakończona.",
    "sync_complete_subtitle" : "Teraz już można bezpiecznie wprowadzać zmiany w plikach.",
    "sync_complete_subtitle2" : "\nŚledzenie zmian plików...",
    "sync_notification_generic_error" : "Wystąpił błąd %s podczas próby wykonania operacji: %s [%s]",
    "sync_notification_multiple_error" : "Wystąpiły błędy %s podczas próby wykonania operacji: %s [%s]",
    "sync_error_command_create" : "utwórz",
    "sync_error_command_delete" : "usuń",
    "sync_error_command_update" : "zaktualizuj",
    "sync_error_command_move" : "przenieś",
    "sync_notification_sync_complete" : "Synchronizacja została zakończona [%s]",
    "sync_notification_upload_complete" : "Zakończono przesyłanie [%s]",
    "sync_notification_upload_error" : "Błąd %s podczas przesyłania [%s]",
    "sync_notification_download_complete" : "Zakończono pobieranie [%s]",
    "sync_notification_delete_complete" : "Zakończono usuwanie [%s]",
    "sync_notification_deletelocal_complete" : "Usunięto plik lokalny [%s]",
    "sync_notification_merge_complete" : "Rozstrzygnięto konflikt scalania [%s]",
    "sync_notification_no_update" : "Aktualizacja nie jest potrzebna [%s]",
    "sync_notification_merge_conflict" : "Konflikt scalania [%s]",
    "sync_notification_rename_complete" : "Zakończono proces zmiany nazwy",
    "sync_notification_rename_data_complete" : "Zakończono proces zmiany nazwy: %s => %s",
    "sync_notification_move_complete" : "Zakończono przenoszenie",
    "sync_notification_move_data_complete" : "Zakończono przenoszenie: %s => %s",
    "sync_dir_created" : "Zakończono tworzenie katalogu: %s",
    "sync_upload_skip" : "Pomijanie przesyłania pliku z powodu oczkującego konfliktu scalania: %s",
    "sync_upload_start" : "Przesyłanie pliku: %s",
    "sync_upload_complete" : "Zakończono przesyłanie pliku: %s",
    "sync_delete_dir_skip" : "Pomijanie operacji usunięcia katalogu zdalnego z powodu oczkującego konfliktu scalania: %s",
    "sync_delete_file_skip" : "Pomijanie operacji usunięcia pliku zdalnego z powodu oczkującego konfliktu scalania: %s",
    "sync_delete_dir_complete" : "Zakończono usuwanie katalogu: %s",
    "sync_delete_file_complete" : "Zakończono usuwanie pliku: %s",
    "sync_delete_localfile_cancel" : "Przerwano usuwanie pliku lokalnego z powodu żądania anulowania.",
    "sync_delete_localfile_skip" : "Pomijanie operacji usunięcia pliku lokalnego z powodu oczkującego konfliktu scalania: %s",
    "sync_write_cancel" : "Przerwano zapis pliku lokalnego z powodu żądania anulowania.",
    "sync_download_complete" : "Zakończono pobieranie pliku: %s",
    "sync_resolve_cancel" : "Rozstrzyganie konfliktu zostało przerwane z powodu żądania anulowania.",
    "sync_resolve_complete" : "Rozstrzygnięto konflikt scalania dla %s",
    "sync_resolve_unknown_action" : "Nieznane działanie %s",
    "sync_sync_upload_skip" : "Pomijanie przesyłania pliku %s",
    "sync_sync_delete_skip" : "Pomijanie usuwania pliku %s",
    "sync_sync_download_skip" : "Pomijanie pobierania pliku %s",
    "sync_merge_help_1" : "W celu rozstrzygnięcia konfliktu należy scalić pliki. Po scaleniu należy zmienić nazwę z %s na %s.",
    "sync_merge_help_2" : "Spowoduje to rozstrzygnięcie konfliktu przez system i przesłanie rozstrzygniętego pliku.",
    "sync_merge_help_deleted_remotely_1" : "Istnieją dwie możliwości rozstrzygnięcia konfliktu:",
    "sync_merge_help_deleted_remotely_2" : "1) Rozstrzygnij przez usunięcie - powoduje także usunięcie pliku lokalnego.",
    "sync_merge_help_deleted_remotely_3" : "   W tym celu należy zmienić nazwę pliku z %s na %s.",
    "sync_merge_help_deleted_remotely_4" : "2) Rozstrzygnij zdalnie - pobierz plik zdalny.",
    "sync_merge_help_deleted_remotely_5" : "   W tym celu należy zmienić nazwę pliku z %s na %s.",
    "sync_merge_help_deleted_remotely_6" : "Spowoduje to rozstrzygnięcie konfliktu przez system.",
    "sync_merge_help_deleted_locally_1" : "Istnieją dwie możliwości rozstrzygnięcia konfliktu:",
    "sync_merge_help_deleted_locally_2" : "1) Rozstrzygnij przez usunięcie - powoduje także usunięcie pliku lokalnego.",
    "sync_merge_help_deleted_locally_3" : "   W tym celu należy zmienić nazwę pliku z %s na %s.",
    "sync_merge_help_deleted_locally_4" : "2) Rozstrzygnij zdalnie - pobierz plik zdalny.",
    "sync_merge_help_deleted_locally_5" : "   W tym celu należy zmienić nazwę pliku z %s na %s.",
    "sync_merge_help_deleted_locally_6" : "Spowoduje to rozstrzygnięcie konfliktu przez system.",
    "sync_conflict_local_deleted_1" : "Plik %s wymaga ręcznej interwencji.",
    "sync_conflict_local_deleted_2" : "Plik został usunięty lokalnie i zaktualizowany na serwerze zdalnym. Nie można ustalić, czy zaktualizowany plik zdalny ma zostać pobrany czy usunięty.",
    "sync_conflict_local_deleted_3" : "Pobieranie pliku jako %s",
    "sync_conflict_remote_deleted_1" : "Plik %s wymaga ręcznej interwencji.",
    "sync_conflict_remote_deleted_2" : "Plik został usunięty zdalnie i zaktualizowany lokalnie. Nie można ustalić, czy zaktualizowany plik ma zostać przesłany czy usunięty.",
    "sync_conflict_both_1" : "Plik %s wymaga ręcznego scalenia",
    "sync_conflict_both_2" : "Plik został zaktualizowany lokalnie i na serwerze zdalnym.",
    "sync_conflict_both_3" : "Pobieranie pliku jako %s",
    "sync_conflict_outstanding" : "Oczkujący konflikt scalania dla %s",
    "sync_event_add_dir" : "Rozpoznano operację tworzenia katalogu: %s",
    "sync_event_add_file" : "Rozpoznano operację tworzenia pliku: %s",
    "sync_event_delete_dir" : "Rozpoznano operację usuwania katalogu: %s",
    "sync_event_delete_file" : "Rozpoznano operację usuwania pliku: %s",
    "sync_event_rename_dir" : "Rozpoznano operację zmiany nazwy/przenoszenia katalogu: %s",
    "sync_event_rename_file" : "Rozpoznano operację zmiany nazwy/przenoszenia pliku: %s",
    "sync_event_change_file" : "Rozpoznano operację zmiany pliku: %s",
    "sync_rename_skip" : "Pomijanie operacji zmiany nazwy pliku lokalnego z powodu oczkującego konfliktu scalania: %s",
    "sync_start_watching" : "Śledzenie zmian plików w katalogu %s...",

    "sync_report" : "Raport synchronizacji:\nŁącznie: %d\nPrzesłano: %d\nPobrano: %d\nUsunięto: %d / %d (lokalnie/zdalnie)\nLiczba konfliktów : %d / %d (rozstrzygnięto)\nBrak działania: %d\nLiczba błędów: %d\n",
    "sync_error_happened" : "Podczas synchronizacji wystąpiły błędy!"

}

