{
    "program_title" : "IBM Digital Experience File Sync v%s",
    "program_help_1" : "Tento pomocný program synchronizuje prostriedky WebDAV pre tému IBM WebSphere Portal s lokálnym adresárom.",
    "program_help_2" : "Toto dovoľuje vývojárovi témy jednoducho pracovať so súbormi lokálne pomocou vlastného obľúbeného editora.",
    "program_help_3" : "Súbory sa po lokálnej aktualizácii automaticky odošlú do vzdialeného servera.",
    "program_help_4" : "Viac informácií nájdete v pripojenom súbore readme.txt\n",
    "program_help_5" : "Pomoc k príkazu:\ndxsync.sh <voľby> <command>\n",
    "program_help_6" : "Dostupné príkazy:",
    "program_help_7" : "init\n    Inicializuje tému v aktuálnom lokálnom adresári",
    "program_help_8" : "run\n    Spustí obojsmernú synchronizáciu a ponechá proces v pozadí na sledovanie zmien súborov",
    "program_help_9" : "pull\n    Spôsobí, že jednosmerná synchronizácia preberie všetky aktualizované súbory zo vzdialeného systému",
    "program_help_10" : "push\n    Spôsobí, že jednosmerná synchronizácia odošle všetky aktualizované súbory (s prepísaním vzdialených zmien) do vzdialeného systému\n",
    "program_help_11" : "Dostupné voľby:",
    "program_help_12" : "--debug\n    Povolí režim ladenia s predvolenými hodnotami (úroveň: finer, všetky metódy a súbory)",
    "program_help_13" : "--debug-finest\n    Nastaví úroveň sledovania na finest\n",
    "log_file_location" : "Protokolový súbor sa zapíše do to %s/.dxsync.log",
    "log_file_location2" : "Protokolový súbor sa nachádza tu: %s",
    "sigint" : "Prerušuje sa proces. Dovidenia.",
    "uncaught_exception" : "Nezachytená výnimka",
    "unrecognized_command" : "Nerozpoznaný príkaz: %s",
    "unrecognized_option" : "Nerozpoznaná voľba: %s",
    "too_many_commands" : "Priveľa príkazov: %s",
    "setup_1" : "S týmto príkazom vytvárate nový synchronizačný bod témy v",
    "setup_2" : "aktuálnom adresári '%s'.\n",
    "setup_3" : "Postupujte podľa výziev, aby ste sa pripojili k vzdialenej inštancii IBM WebSphere Portal.",
    "setup_connecting" : "Pripája sa k vzdialenému serveru...",
    "setup_themes_found" : "Našli sa nasledujúce témy. Vyberte jednu, ku ktorej sa chcete pripojiť:",
    "setup_theme_desc" : "Zadajte číslo od 1 do %d",
    "list_themes" : "Získavajú sa témy z %s",
    "list_themes_none" : "V cieľovom serveri sa nenašli žiadne témy.",
    "setup_abort" : "Ruší sa inicializovanie.",
    "setup_success1" : "Synchronizácia témy bola úspešne nastavená.",
    "setup_success2" : "Ste pripravený vykonať synchronizáciu pomocou príkazu 'run'.",
    "print_config" : "Konfigurácia:",
    "error_loading_config" : "Nemožno načítať nastavenia dxsync v tomto adresári. Najprv spustite 'dxsync.sh init'.",
    "error_host" : "Nemožno vytvoriť pripojenie k hostiteľovi.",
    "error_refused" : "Pripojenie bolo odmietnuté.",
    "error_not_found" : "Nenašla sa požadovaná položka.",
    "error_unauthorized" : "Neautorizovaný prístup. Nesprávne meno používateľa alebo heslo.",

    "config_section_basic" : "Základná",
    "config_section_advanced" : "Rozšírené",
    "config_host_desc" : "Názov hostiteľa",
    "config_user_desc" : "Meno užívateľa",
    "config_pass_desc" : "Heslo",
    "config_contenthandler_desc" : "Cesta k servletu obslužného programu obsahu",
    "config_port_desc" : "Port",
    "config_theme_desc" : "Téma",
    "config_syncinterval_desc" : "Interval v minútach pre synchronizáciu v pozadí",
    "config_connections_desc" : "Počet súbežných vzdialených pripojení",
    "config_filter_desc" : "Regulárny výraz na ignorovanie súborov",

    "webdav_request_canceled" : "Požiadavka WebDAV bola prerušená pre požiadavku o zrušenie.",
    "webdav_retry_success" : "Skôr nájdený problém pre '%s' bol úspešne vyriešený po %s pokusoch.",
    "webdav_invalid_url" : "Neplatná adresa URL (%s) - nenašla sa schéma",

    "watcher_restart" : "Reštartovať Theme Sync! (príkaz rename bol neúspešný pre %s)",
    "watcher_restart2" : "Reštartovať Theme Sync! (nenašiel sa obslužný program pomocou cesty #1 ? %s)",
    "watcher_restart3" : "Reštartovať Theme Sync! (nenašiel sa obslužný program pomocou cesty #2 ? %s)",
    "watcher_stateexception" : "UnknownStateException:\ncesta: %s\nwatchedPath: %\nstartDir: %s",
    "watcher_windows_1" : "Z dôvodu obmedzení v platforme Windows (spracovanie identifikátora otvoreného súboru) nie je podporované vymazávanie adresárov počas prezerania súborov.",
    "watcher_windows_2" : "Ak chcete vymazať zložku počas prezerania, použite iný operačný systém, napríklad OSX alebo Linux. V operačnom systéme Windows zastavte sledovanie, vymažte zložku a potom reštartujte proces.\n",
    "watcher_unable_1" : "Nemožno sledovať súbory, pretože chýba modul pathwatcher. Nainštalujte modul zo zdroja bez príznaku --no-optional.",
    "watcher_unable_2" : "Poskytnite spätnú väzbu autorovi tohto modulu o chýbajúcich vopred skompilovaných závislostiach.",
    "watcher_unable_3" : "Informácie o vašom systéme: %s (platforma) / %s (architektúra)\n",
    "watcher_win_toomany_folders" : "Nemožno sledovať adresár '%s' pre nevyriešenú chybu vo vyžadovanom komponente.\nPozrite si stránku https://github.com/atom/node-pathwatcher/issues/70, kde nájdete viac informácií.",
    "watcher_win_toomany_folders_start" : "Nemožno sledovať nasledujúce adresáre pre nevyriešenú chybu vo vyžadovanom komponente.\nPozrite si stránku https://github.com/atom/node-pathwatcher/issues/70, kde nájdete viac informácií.",
    "watcher_forcewatch_info" : "Ak potrebujete sledovať niektorý z adresárov vyššie viac ako iné, môžete použiť nastavenie 'forceWatch'. Jednoducho pridajte element forceWatch do súboru nastavení, ktorý sa nachádza v %s. Hodnota je pole adresárov, pre ktoré chcete vnútiť sledovanie. Príklad: \"forceWatch\": [\"/príklad/adresár\"]",

    "sync_idle" : "Nečinný...",
    "sync_background_start" : "Ďalšia synchronizácia začne o %d minút...",
    "sync_background_disabled" : "Synchronizácia v pozadí je zakázaná.",
    "sync_invalid_mode" : "Bola odovzdaná neplatná premenná režimu.",
    "sync_2way_phase_1" : "Spustila sa obojsmerná synchronizácia... Fáza 1...",
    "sync_2way_notification" : "Spustila sa obojsmerná synchronizácia",
    "sync_push_phase_1" : "Odosielajú sa aktualizované súbory... Fáza 1...",
    "sync_push_notification" : "Odosielajú sa aktualizované súbory",
    "sync_pull_phase_1" : "Preberajú sa aktualizované súbory... Fáza 1...",
    "sync_pull_notification" : "Preberajú sa aktualizované súbory",
    "sync_notification_subtitle" : "Počkajte pred vykonaním ďalších aktualizácií.",
    "sync_phase2" : "Fáza 2...",
    "sync_complete" : "Synchronizácia je dokončená.",
    "sync_complete_subtitle" : "Je bezpečné znova vykonávať zmeny súborov.",
    "sync_complete_subtitle2" : "\nSledujú sa zmeny v súboroch...",
    "sync_notification_generic_error" : "Nastala chyba %s pri pokuse o akciu %s [%s]",
    "sync_notification_multiple_error" : "Nastalo viacero chýb %s pri pokuse o akciu %s [%s]",
    "sync_error_command_create" : "vytvoriť",
    "sync_error_command_delete" : "vymazať",
    "sync_error_command_update" : "aktualizovať",
    "sync_error_command_move" : "Presunúť",
    "sync_notification_sync_complete" : "Synchronizácia je dokončená [%s]",
    "sync_notification_upload_complete" : "Odosielanie je dokončené [%s]",
    "sync_notification_upload_error" : "Nastala chyba %s počas odosielania [%s]",
    "sync_notification_download_complete" : "Preberanie je dokončené [%s]",
    "sync_notification_delete_complete" : "Vymazávanie je dokončené [%s]",
    "sync_notification_deletelocal_complete" : "Lokálny súbor bol vymazaný [%s]",
    "sync_notification_merge_complete" : "Konflikt pri zlučovaní bol vyriešený [%s]",
    "sync_notification_no_update" : "Nie je potrebná žiadna aktualizácia [%s]",
    "sync_notification_merge_conflict" : "Konflikt pri zlučovaní [%s]",
    "sync_notification_rename_complete" : "Premenúvanie je dokončené",
    "sync_notification_rename_data_complete" : "Premenúvanie je dokončené: %s => %s",
    "sync_notification_move_complete" : "Presúvanie je dokončené",
    "sync_notification_move_data_complete" : "Presúvanie je dokončené: %s => %s",
    "sync_dir_created" : "Vytváranie adresára je dokončené: %s",
    "sync_upload_skip" : "Preskakuje sa odosielanie súboru pre nevyriešený konflikt pri zlučovaní: %s",
    "sync_upload_start" : "Odosiela sa súbor: %s",
    "sync_upload_complete" : "Odosielanie súboru je dokončené: %s",
    "sync_delete_dir_skip" : "Preskakuje sa vymazávanie vzdialeného adresára pre nevyriešený konflikt pri zlučovaní: %s",
    "sync_delete_file_skip" : "Preskakuje sa vymazávanie vzdialeného súboru pre nevyriešený konflikt pri zlučovaní: %s",
    "sync_delete_dir_complete" : "Vymazávanie adresára je dokončené: %s",
    "sync_delete_file_complete" : "Vymazávanie súboru je dokončené: %s",
    "sync_delete_localfile_cancel" : "Vymazávanie lokálneho súboru bolo prerušené pre požiadavku o zrušenie.",
    "sync_delete_localfile_skip" : "Preskakuje sa vymazávanie lokálneho súboru pre nevyriešený konflikt pri zlučovaní: %s",
    "sync_write_cancel" : "Zapisovanie lokálneho súboru bolo prerušené pre požiadavku o zrušenie.",
    "sync_download_complete" : "Preberanie súboru je dokončené: %s",
    "sync_resolve_cancel" : "Riešenie konfliktu bolo prerušené pre požiadavku o zrušenie.",
    "sync_resolve_complete" : "Konflikt pri zlučovaní bol vyriešený pre %s",
    "sync_resolve_unknown_action" : "Neznáma akcia %s",
    "sync_sync_upload_skip" : "Preskakuje sa odosielanie súboru %s",
    "sync_sync_delete_skip" : "Preskakuje sa vymazávanie súboru %s",
    "sync_sync_download_skip" : "Preskakuje sa preberanie súboru %s",
    "sync_merge_help_1" : "Ak chcete vyriešiť konflikt, zlúčte súbory. Po zlúčení premenujte '%s' na '%s'.",
    "sync_merge_help_2" : "Toto spôsobí, že systém vyrieši konflikt a odošle vyriešený súbor.",
    "sync_merge_help_deleted_remotely_1" : "Ak chcete vyriešiť konflikt, máte dve možnosti:",
    "sync_merge_help_deleted_remotely_2" : "1) Vyriešiť s vymazaním - vymaže tiež lokálny súbor.",
    "sync_merge_help_deleted_remotely_3" : "   Toto možno dosiahnuť premenovaním '%s' na '%s'.",
    "sync_merge_help_deleted_remotely_4" : "2) Vyriešiť so vzdialeným - prevziať vzdialený súbor.",
    "sync_merge_help_deleted_remotely_5" : "   Toto možno dosiahnuť premenovaním '%s' na '%s'.",
    "sync_merge_help_deleted_remotely_6" : "Toto spôsobí, že systém vyrieši konflikt.",
    "sync_merge_help_deleted_locally_1" : "Ak chcete vyriešiť konflikt, máte dve možnosti:",
    "sync_merge_help_deleted_locally_2" : "1) Vyriešiť s vymazaním - vymaže tiež lokálny súbor.",
    "sync_merge_help_deleted_locally_3" : "   Toto možno dosiahnuť premenovaním '%s' na '%s'.",
    "sync_merge_help_deleted_locally_4" : "2) Vyriešiť so vzdialeným - prevziať vzdialený súbor.",
    "sync_merge_help_deleted_locally_5" : "   Toto možno dosiahnuť premenovaním '%s' na '%s'.",
    "sync_merge_help_deleted_locally_6" : "Toto spôsobí, že systém vyrieši konflikt.",
    "sync_conflict_local_deleted_1" : "Vyžaduje sa manuálny zásah pre %s",
    "sync_conflict_local_deleted_2" : "Súbor bol vymazaný lokálne a bol aktualizovaný vo vzdialenom serveri. Nemožno určiť, či sa má prevziať alebo vymazať aktualizovaný vzdialený súbor.",
    "sync_conflict_local_deleted_3" : "Súbor sa preberá ako %s",
    "sync_conflict_remote_deleted_1" : "Vyžaduje sa manuálny zásah pre %s",
    "sync_conflict_remote_deleted_2" : "Súbor bol vymazaný vzdialene a aktualizovaný lokálne. Nemožno určiť, či sa má odoslať alebo vymazať aktualizovaný súbor.",
    "sync_conflict_both_1" : "Vyžaduje sa manuálne zlúčenie pre %s",
    "sync_conflict_both_2" : "Súbor bol aktualizovaný lokálne a vo vzdialenom serveri.",
    "sync_conflict_both_3" : "Súbor sa preberá ako %s",
    "sync_conflict_outstanding" : "Nevybavený konflikt pri zlučovaní pre %s",
    "sync_event_add_dir" : "Vytvorenie rozpoznaného adresára: %s",
    "sync_event_add_file" : "Vytvorenie rozpoznaného súboru: %s",
    "sync_event_delete_dir" : "Vymazanie rozpoznaného adresára: %s",
    "sync_event_delete_file" : "Vymazanie rozpoznaného súboru: %s",
    "sync_event_rename_dir" : "Premenovanie/presunutie rozpoznaného adresára: %s",
    "sync_event_rename_file" : "Premenovanie/presunutie rozpoznaného súboru: %s",
    "sync_event_change_file" : "Zmena súboru: %s",
    "sync_rename_skip" : "Preskakuje sa premenúvanie lokálneho súboru pre nevyriešený konflikt pri zlučovaní: %s",
    "sync_start_watching" : "Sledujú sa zmeny v súboroch v '%s'...",

    "sync_report" : "Hlásenie o synchronizácii:\nCelkovo    : %d\nOdoslané   : %d\nPrevzaté   : %d\nVymazané   : %d / %d (lokálne/vzdialené)\nKonflikty  : %d / %d (vyriešené)\nŽiadna akcia : %d\nChyby      : %d\n",
    "sync_error_happened" : "Nastala chyba počas synchronizovania!"

}

