{
    "program_title" : "IBM Digital Experience File Sync v%s",
    "program_help_1" : "Tento obslužný program synchronizuje prostředky WebDAV pro motiv IBM WebSphere Portal s lokálním adresářem.",
    "program_help_2" : "Díky tomu může vývojář motivů s těmito soubory snadno pracovat lokálně pomocí svého oblíbeného editoru.",
    "program_help_3" : "Při lokální aktualizaci se soubory automaticky přenášejí na vzdálený server.",
    "program_help_4" : "Další informace naleznete v přiloženém souboru readme.txt\n",
    "program_help_5" : "Nápověda k příkazům:\ndxsync.sh <volby> <command>\n",
    "program_help_6" : "Dostupné příkazy:",
    "program_help_7" : "init\n    Inicializuje motiv v aktuálním lokálním adresáři",
    "program_help_8" : "run\n    Spustit obousměrnou synchronizaci a ponechat na pozadí aktivní proces ke sledování změn souborů",
    "program_help_9" : "pull\n    Způsobí, že jednosměrná synchronizace stáhne všechny aktualizované soubory ze vzdáleného systému",
    "program_help_10" : "push\n    Způsobí, že jednosměrná synchronizace odešle všechny aktualizované soubory (přepíše vzdálené změny) na vzdálený systém\n",
    "program_help_11" : "Dostupné volby:",
    "program_help_12" : "--debug\n    Povolí režim ladění s výchozím nastavením (úroveň: podrobnější, všechny metody a soubory)",
    "program_help_13" : "--debug-finest\n    Nastaví úroveň trasování na nejpodrobnější\n",
    "log_file_location" : "Soubor protokolu se zapíše do souboru %s/.dxsync.log",
    "log_file_location2" : "Soubor protokolu se nachází zde: %s",
    "sigint" : "Probíhá přerušení procesu. Na shledanou.",
    "uncaught_exception" : "Nezachycená výjimka",
    "unrecognized_command" : "Neznámý příkaz: %s",
    "unrecognized_option" : "Neznámá volba: %s",
    "too_many_commands" : "Příliš mnoho příkazů: %s",
    "setup_1" : "Pomocí tohoto příkazu vytvoříte nový synchronizační bod motivu",
    "setup_2" : "v aktuálním adresáři '%s'.\n",
    "setup_3" : "Postupujte podle výzev a připojte se ke vzdálené instanci portálu IBM WebSphere Portal.",
    "setup_connecting" : "Připojování ke vzdálenému serveru...",
    "setup_themes_found" : "Byly nalezeny následující motivy. Vyberte motiv, ke kterému se chcete připojit:",
    "setup_theme_desc" : "Zadejte číslo od 1 do %d",
    "list_themes" : "Načítání motivů z %s",
    "list_themes_none" : "Na cílovém serveru nebyly nalezeny žádné motivy.",
    "setup_abort" : "Předčasné ukončení inicializace.",
    "setup_success1" : "Synchronizace motivu byla úspěšně nastavena.",
    "setup_success2" : "Jste připraveni provést synchronizaci pomocí příkazu 'run'.",
    "print_config" : "Konfigurace:",
    "error_loading_config" : "Do tohoto adresáře nelze načíst nastavení dxsync. Nejprve spusťte příkaz 'dxsync.sh init'.",
    "error_host" : "Nelze se připojit k hostiteli.",
    "error_refused" : "Připojení odmítnuto.",
    "error_not_found" : "Požadovaná položka nebyla nalezena.",
    "error_unauthorized" : "Neautorizováno. Chybné jméno uživatele nebo heslo.",
    "error_wrong_protocol" : "Nesprávný protokol. K tomuto obvykle dochází, použijete-li nesprávný port k připojení serveru. Například nezabezpečený (http) port pro zabezpečené umístění (https url).",
    "error_connection_reset" : "Reset připojení. K tomuto obvykle dochází, použijete-li nesprávný port k připojení serveru. Například zabezpečený port (https) pro nezabezpečené umístění (http url).",
    "error_probably_no_tai" : "Nelze provést ověření se vzdáleným systémem. Nejpravděpodobnější příčinou je skutečnost, že byl na cílovém hostiteli deaktivován TAI (Trust Association Intercepter) základního ověření. Pokyny k aktivaci TAI naleznete v dokumentaci DXSync.",

    "config_section_basic" : "Základní",
    "config_section_advanced" : "Rozšířené",
    "config_host_desc" : "Název hostitele",
    "config_user_desc" : "Jméno uživatele",
    "config_pass_desc" : "Heslo",
    "config_contenthandler_desc" : "Cesta k servletu obslužné rutiny obsahu",
    "config_port_desc" : "Port",
    "config_theme_desc" : "Motiv",
    "config_syncinterval_desc" : "Interval v minutách pro synchronizaci na pozadí",
    "config_connections_desc" : "Počet souběžných vzdálených připojení",
    "config_filter_desc" : "Regulární výraz k ignorování souborů",
    "config_secure_desc" : "Zabezpečené připojení (https)?",

    "webdav_request_canceled" : "Požadavek WebDAV byl přerušen v důsledku požadavku na stornování.",
    "webdav_retry_success" : "Problém, který byl dříve zjištěn pro '%s', byl úspěšně vyřešen po %s pokusech.",
    "webdav_invalid_url" : "Neplatná adresa URL (%s) - nelze najít schéma",

    "watcher_restart" : "Restartujte synchronizaci motivu! (Příkaz přejmenování pro %s byl neúspěšný)",
    "watcher_restart2" : "Restartujte synchronizaci motivu! (Nelze najít obslužnou rutinu pomocí cesty č. 1? %s)",
    "watcher_restart3" : "Restartujte synchronizaci motivu! (Nelze najít obslužnou rutinu pomocí cesty č. 2? %s)",
    "watcher_stateexception" : "UnknownStateException:\npath: %s\nwatchedPath: %\nstartDir: %s",
    "watcher_windows_1" : "V důsledku omezení platformy v systému Windows (zpracování popisovačů otevřených souborů) není podporováno odstranění adresářů při prohlížení souborů.",
    "watcher_windows_2" : "Chcete-li odstranit složku během prohlížení, použijte jiný operační systém, jako např. OSX nebo Linux. V systému Windows ukončete prohlížení, odstraňte složku a poté restartujte proces.\n",
    "watcher_unable_1" : "Nelze prohlížet soubory v důsledku chybějícího modulu sledování cesty. Nainstalujte tento modul ze zdroje bez příznaku --no-optional.",
    "watcher_unable_2" : "Poskytněte autorovi tohoto modulu zpětnou vazbu ohledně chybějících předkompilovaných závislostí.",
    "watcher_unable_3" : "Informace o systému: %s (platforma) / %s (architektura)\n",
    "watcher_win_toomany_folders" : "V důsledku nevyřešené chyby v nezbytné komponentě nelze sledovat adresář '%s'.\nDalší informace viz https://github.com/atom/node-pathwatcher/issues/70.",
    "watcher_win_toomany_folders_start" : "V důsledku nevyřešené chyby v nezbytné komponentě nelze sledovat následující adresáře.\nDalší informace viz https://github.com/atom/node-pathwatcher/issues/70.",
    "watcher_forcewatch_info" : "Potřebujete-li upřednostnit sledování některých z výše uvedených adresářů, můžete použít nastavení 'forceWatch'. Stačí, když přidáte prvek forceWatch do souboru nastavení umístěného v %s. Hodnotou je pole adresářů, pro které se má vynutit sledování. Příklad: \"forceWatch\": [\"/example/directory\"]",

    "sync_idle" : "Nečinné...",
    "sync_background_start" : "Další synchronizace se spustí za %d minut...",
    "sync_background_disabled" : "Synchronizace na pozadí byla zakázána.",
    "sync_invalid_mode" : "Byla předána neplatná proměnná režimu.",
    "sync_2way_phase_1" : "Byla spuštěna obousměrná synchronizace... Fáze 1...",
    "sync_2way_notification" : "Byla spuštěna obousměrná synchronizace",
    "sync_push_phase_1" : "Odesílání aktualizovaných souborů... Fáze 1...",
    "sync_push_notification" : "Odesílání aktualizovaných souborů",
    "sync_pull_phase_1" : "Stahování aktualizovaných souborů... Fáze 1...",
    "sync_pull_notification" : "Stahování aktualizovaných souborů",
    "sync_notification_subtitle" : "Před provedením dalších aktualizací vyčkejte.",
    "sync_phase2" : "Fáze 2...",
    "sync_complete" : "Synchronizace dokončena.",
    "sync_complete_subtitle" : "Nyní můžete opět bezpečně měnit soubory.",
    "sync_complete_subtitle2" : "\nSledování změn souborů...",
    "sync_notification_generic_error" : "Chyba %s při pokusu o %s [%s]",
    "sync_notification_multiple_error" : "Více chyb %s při pokusu o %s [%s]",
    "sync_error_command_create" : "vytvoření",
    "sync_error_command_delete" : "odstranění",
    "sync_error_command_update" : "provedení aktualizace",
    "sync_error_command_move" : "přesunutí",
    "sync_notification_sync_complete" : "Synchronizace dokončena [%s]",
    "sync_notification_upload_complete" : "Odeslání dokončeno [%s]",
    "sync_notification_upload_error" : "Chyba %s během odesílání [%s]",
    "sync_notification_download_complete" : "Stažení dokončeno [%s]",
    "sync_notification_delete_complete" : "Odstranění dokončeno [%s]",
    "sync_notification_deletelocal_complete" : "Lokální soubor odstraněn [%s]",
    "sync_notification_merge_complete" : "Konflikt sloučení vyřešen [%s]",
    "sync_notification_no_update" : "Není třeba žádná aktualizace [%s]",
    "sync_notification_merge_conflict" : "Konflikt sloučení [%s]",
    "sync_notification_rename_complete" : "Přejmenování dokončeno",
    "sync_notification_rename_data_complete" : "Přejmenování dokončeno: %s => %s",
    "sync_notification_move_complete" : "Přesunutí dokončeno",
    "sync_notification_move_data_complete" : "Přesunutí dokončeno: %s => %s",
    "sync_dir_created" : "Vytvoření adresáře dokončeno: %s",
    "sync_upload_skip" : "Odesílání souboru přeskočeno v důsledku nevyřešeného konfliktu sloučení: %s",
    "sync_upload_start" : "Odesílání souboru: %s",
    "sync_upload_complete" : "Odesílání souboru dokončeno: %s",
    "sync_delete_dir_skip" : "Odstranění vzdáleného adresáře přeskočeno v důsledku nevyřešeného konfliktu sloučení: %s",
    "sync_delete_file_skip" : "Odstranění vzdáleného souboru přeskočeno v důsledku nevyřešeného konfliktu sloučení: %s",
    "sync_delete_dir_complete" : "Odstranění adresáře dokončeno: %s",
    "sync_delete_file_complete" : "Odstranění souboru dokončeno: %s",
    "sync_delete_localfile_cancel" : "Odstranění lokálního souboru přerušeno v důsledku požadavku na stornování.",
    "sync_delete_localfile_skip" : "Odstranění lokálního souboru přeskočeno v důsledku nevyřešeného konfliktu sloučení: %s",
    "sync_write_cancel" : "Zápis lokálního souboru přerušen v důsledku požadavku na stornování.",
    "sync_download_complete" : "Stahování souboru dokončeno: %s",
    "sync_resolve_cancel" : "Vyřešení konfliktu přerušeno v důsledku požadavku na stornování.",
    "sync_resolve_complete" : "Vyřešen konflikt sloučení pro %s",
    "sync_resolve_unknown_action" : "Neznámá akce %s",
    "sync_sync_upload_skip" : "Přeskočení odesílání souboru %s",
    "sync_sync_delete_skip" : "Přeskočení odstraňování souboru %s",
    "sync_sync_download_skip" : "Přeskočení stahování souboru %s",
    "sync_merge_help_1" : "K vyřešení konfliktu slučte soubory. Po sloučení přejmenujte '%s' na '%s'.",
    "sync_merge_help_2" : "To způsobí, že systém vyřeší konflikt a odešle vyřešený soubor.",
    "sync_merge_help_deleted_remotely_1" : "K vyřešení konfliktu máte dvě možnosti:",
    "sync_merge_help_deleted_remotely_2" : "1) Vyřešit prostřednictvím odstranění - Odstraní soubor také lokálně.",
    "sync_merge_help_deleted_remotely_3" : "   Toho lze dosáhnout přejmenováním '%s' na '%s'.",
    "sync_merge_help_deleted_remotely_4" : "2) Vyřešit pomocí vzdáleného - Stáhnout vzdálený soubor.",
    "sync_merge_help_deleted_remotely_5" : "   Toho lze dosáhnout přejmenováním '%s' na '%s'.",
    "sync_merge_help_deleted_remotely_6" : "To způsobí, že systém vyřeší konflikt.",
    "sync_merge_help_deleted_locally_1" : "K vyřešení konfliktu máte dvě možnosti:",
    "sync_merge_help_deleted_locally_2" : "1) Vyřešit prostřednictvím odstranění - Odstraní soubor také lokálně.",
    "sync_merge_help_deleted_locally_3" : "   Toho lze dosáhnout přejmenováním '%s' na '%s'.",
    "sync_merge_help_deleted_locally_4" : "2) Vyřešit pomocí vzdáleného - Stáhnout vzdálený soubor.",
    "sync_merge_help_deleted_locally_5" : "   Toho lze dosáhnout přejmenováním '%s' na '%s'.",
    "sync_merge_help_deleted_locally_6" : "To způsobí, že systém vyřeší konflikt.",
    "sync_conflict_local_deleted_1" : "Je vyžadován ruční zásah pro %s",
    "sync_conflict_local_deleted_2" : "Byl odstraněn lokální soubor a soubor na vzdáleném serveru byl aktualizován. Nelze určit, zda se má stáhnout aktualizovaný vzdálený soubor, nebo zda se má tento soubor odstranit.",
    "sync_conflict_local_deleted_3" : "Stahování souboru jako %s",
    "sync_conflict_remote_deleted_1" : "Je vyžadován ruční zásah pro %s",
    "sync_conflict_remote_deleted_2" : "Byl odstraněn soubor na vzdáleném serveru a lokální soubor byl aktualizován. Nelze určit, zda se má aktualizovaný soubor odeslat nebo odstranit.",
    "sync_conflict_both_1" : "Je vyžadováno ruční sloučení pro %s",
    "sync_conflict_both_2" : "Soubor byl aktualizován lokálně i na vzdáleném serveru.",
    "sync_conflict_both_3" : "Stahování souboru jako %s",
    "sync_conflict_outstanding" : "Nevyřešený konflikt sloučení pro %s",
    "sync_event_add_dir" : "Rozpoznáno vytvoření adresáře: %s",
    "sync_event_add_file" : "Rozpoznáno vytvoření souboru: %s",
    "sync_event_delete_dir" : "Rozpoznáno odebrání adresáře: %s",
    "sync_event_delete_file" : "Rozpoznáno odebrání souboru: %s",
    "sync_event_rename_dir" : "Rozpoznáno přejmenování/přesunutí adresáře: %s",
    "sync_event_rename_file" : "Rozpoznáno přejmenování/přesunutí souboru: %s",
    "sync_event_change_file" : "Rozpoznána změna souboru: %s",
    "sync_rename_skip" : "Přejmenování lokálního souboru přeskočeno v důsledku nevyřešeného konfliktu sloučení: %s",
    "sync_start_watching" : "Sledování změn souborů v '%s'...",

    "sync_ignore_rename" : "Přejmenování souboru je ignorováno, protože cílový soubor '%s' splňuje kritéria pro skrytý soubor.",
    "watcher_ignore_delete" : "Odstranění souboru je ignorováno, protože cílový soubor '%s' splňuje kritéria pro skrytý soubor.",

    "sync_report" : "Sestava synchronizace:\nCelkem      : %d\nOdesláno    : %d\nStaženo     : %d\nOdstraněno  : %d / %d (lokální/vzdálené)\nKonflikty   : %d / %d (vyřešeno)\nŽádná akce  : %d\nChyby       : %d\n",
    "sync_error_happened" : "Během synchronizace nastaly chyby!"

}

