{
    "program_title" : "IBM Digital Experience fájlszinkronizálás v%s",
    "program_help_1" : "Ez a segédprogram WebDAV erőforrásokat szinkronizál egy helyi könyvtárral rendelkező IBM WebSphere Portal téma esetében.",
    "program_help_2" : "Ez lehetővé teszi egy témafejlesztő számára, hogy könnyen helyileg kezelje azokat a fájlokat a saját kedvenc szerkesztőjével.",
    "program_help_3" : "Helyileg végrehajtott frissítésükkor a fájlok automatikusan feltöltésre kerülnek a távoli kiszolgálóra.",
    "program_help_4" : "További információk a mellékelt readme.txt fájlban találhatók\n",
    "program_help_5" : "A parancs súgója:\ndxsync.sh <paraméterek> <command>\n",
    "program_help_6" : "Rendelkezésre álló parancsok:",
    "program_help_7" : "init\n    Inicializál egy témát az aktuális helyi könyvtáron belül",
    "program_help_8" : "run\n    Egy kétirányú szinkronizálást futtat, és a háttérben aktívan tartja a folyamatot, hogy figyelje a fájlok változásait",
    "program_help_9" : "pull\n    Egyirányú szinkronizálást okoz, hogy letöltse az összes frissített fájlt a távoli rendszerből",
    "program_help_10" : "push\n    Egyirányú szinkronizálást okoz, hogy feltöltse az összes frissített fájlt (felülírva a távoli módosításokat) a távoli rendszerbe\n",
    "program_help_11" : "Rendelkezésre álló paraméterek:",
    "program_help_12" : "--debug\n    Engedélyezi a hibakeresési módot alapértelmezett beállításokkal (szint: finomabb, összes módszer és fájlok)",
    "program_help_13" : "--debug-finest\n    Legfinomabbra állítja be a nyomkövetés szintjét\n",
    "log_file_location" : "A naplófájl írására a %s/.dxsync.log fájlba kerül sor",
    "log_file_location2" : "A naplófájl a következő helyen található: %s",
    "sigint" : "Folyamat megszakítása. Viszlát.",
    "uncaught_exception" : "Nem kezelt kivétel",
    "unrecognized_command" : "Fel nem ismert parancs: %s",
    "unrecognized_option" : "Fel nem ismert paraméter: %s",
    "too_many_commands" : "Túl sok parancs: %s",
    "setup_1" : "Ezzel a paranccsal egy új témaszinkronizálási pontot hoz létre az",
    "setup_2" : "aktuális könyvtárban: '%s'.\n",
    "setup_3" : "Kövesse a felszólításokat, hogy csatlakozzon a távoli IBM WebSphere Portal példányhoz.",
    "setup_connecting" : "Csatlakozás a távoli kiszolgálóhoz...",
    "setup_themes_found" : "A rendszer a következő témákat találta. Válassza ki azt, amelyikhez csatlakozni kíván:",
    "setup_theme_desc" : "Írjon be egy számot 1 és %d között",
    "list_themes" : "Témák lehívása a következőről: %s",
    "list_themes_none" : "A cél kiszolgálón nem találhatók témák.",
    "setup_abort" : "Inicializálás megszakítása.",
    "setup_success1" : "A témaszinkronizálás sikeresen beállításra került.",
    "setup_success2" : "Készen áll arra, hogy a 'run' paranccsal végrehajtsa a szinkronizálást.",
    "print_config" : "Beállítás:",
    "error_loading_config" : "Ebben a könyvtárban nem lehet betölteni a dxsync beállításokat. Először futtassa a 'dxsync.sh init' parancsot.",
    "error_host" : "Nem sikerült csatlakozni a hoszthoz.",
    "error_refused" : "Csatlakozás visszautasítva.",
    "error_not_found" : "A kért elem nem található.",
    "error_unauthorized" : "Jogosulatlan. Helytelen felhasználónév vagy jelszó.",
    "error_wrong_protocol" : "Rossz protokoll. Ez általában akkor történik, amikor rossz porton keresztül próbál a kiszolgálóhoz csatlakozni. Például: nem biztonságos (http) port biztonságos hellyel (https url).",
    "error_connection_reset" : "Kapcsolat alaphelyzetbe állítása. Ez általában akkor történik, amikor rossz porton keresztül próbál a kiszolgálóhoz csatlakozni. Például: biztonságos (https) port nem biztonságos hellyel (http url).",
    "error_probably_no_tai" : "Nem sikerült a hitelesítés a távoli rendszerrel. Ez valószínűleg olyan eset, amikor a Basic Auth TAI (megbízható társítási eljárás) letiltásra került a célgépen. Az eljárás engedélyezésével kapcsolatos információkért tekintse meg a DXSync dokumentációt.",

    "config_section_basic" : "Alap",
    "config_section_advanced" : "Speciális",
    "config_host_desc" : "Hosztnév",
    "config_user_desc" : "Felhasználónév",
    "config_pass_desc" : "Jelszó",
    "config_contenthandler_desc" : "Tartalomkezelő szervlet elérési útja",
    "config_port_desc" : "Port",
    "config_theme_desc" : "Téma",
    "config_syncinterval_desc" : "Háttérbeli szinkronizálás időköze percekben",
    "config_connections_desc" : "Párhuzamos távoli kapcsolatok száma",
    "config_filter_desc" : "Fájlok mellőzésére vonatkozó reguláris kifejezés",
    "config_secure_desc" : "Biztonságos kapcsolat (https)?",

    "webdav_request_canceled" : "A WebDAV kérés megszakítási kérés miatt megszakításra került.",
    "webdav_retry_success" : "A(z) '%s' esetében korábban talált probléma %s próbálkozás után sikeresen megoldásra került.",
    "webdav_invalid_url" : "Érvénytelen URL (%s) - nem található séma",

    "watcher_restart" : "Témaszinkronizálás újraindítása! (átnevezési parancs sikertelen a(z) %s esetében)",
    "watcher_restart2" : "Témaszinkronizálás újraindítása! (nem található kezelő az #1 útvonalon? %s)",
    "watcher_restart3" : "Témaszinkronizálás újraindítása! (nem található kezelő a #2 útvonalon? %s)",
    "watcher_stateexception" : "UnknownStateException:\npath: %s\nwatchedPath: %\nstartDir: %s",
    "watcher_windows_1" : "A Windows rendszer korlátozásai miatt (Megnyitott fájl hivatkozásának kezelése) a fájlok megfigyelése közben a könyvtárak törlése nem támogatott.",
    "watcher_windows_2" : "Ahhoz, hogy megfigyelés közben mappákat törölhessen, használjon más operációs rendszert, mint például az OSX vagy Linux. Windows esetében állítsa le a megfigyelést, törölje a mappát, majd indítsa újra a folyamatot.\n",
    "watcher_unable_1" : "Nem lehet figyelni a fájlokat a hiányzó útvonalfigyelő modul miatt. Telepítse a modult a forrásból a --no-optional kapcsoló nélkül.",
    "watcher_unable_2" : "Adjon visszajelzést a hiányzó előre lefordított függőségekről a modul szerzője számára.",
    "watcher_unable_3" : "Rendszerinformációk: %s (platform) / %s (architektúra)\n",
    "watcher_win_toomany_folders" : "Nem lehet figyelni a(z) '%s' könyvtárat egy feloldatlan hiba miatt az előfeltétel összetevőben.\nTovábbi információkért tekintse meg a https://github.com/atom/node-pathwatcher/issues/70 weboldalt.",
    "watcher_win_toomany_folders_start" : "Nem lehet figyelni a következő könyvtárakat egy feloldatlan hiba miatt az előfeltétel összetevőben.\nTovábbi információkért tekintse meg a https://github.com/atom/node-pathwatcher/issues/70 weboldalt.",
    "watcher_forcewatch_info" : "Ha a fenti könyvtárak bármelyikét más könyvtárak érdekében kell figyelnie, akkor használhatja a 'forceWatch' beállítást. Egyszerűen vegye fel a forceWatch elemet a(z) %s helyen található beállításfájlba. Az érték könyvtárak egy tömbje, melyek megfigyelése kényszerített. Példa: \"forceWatch\": [\"/example/directory\"]",

    "sync_idle" : "Várakozás...",
    "sync_background_start" : "Következő szinkronizálás indítása %d perc múlva...",
    "sync_background_disabled" : "A háttérbeli szinkronizálás le van tiltva.",
    "sync_invalid_mode" : "Érvénytelen mód változó került átadásra.",
    "sync_2way_phase_1" : "Kétirányú szinkronizálás elindult... 1. fázis...",
    "sync_2way_notification" : "Kétirányú szinkronizálás elindult",
    "sync_push_phase_1" : "Frissített fájlok feltöltése... 1. fázis...",
    "sync_push_notification" : "Frissített fájlok feltöltése",
    "sync_pull_phase_1" : "Frissített fájlok letöltése... 1. fázis...",
    "sync_pull_notification" : "Frissített fájlok letöltése",
    "sync_notification_subtitle" : "Várjon mielőtt további frissítéseket hajtana végre.",
    "sync_phase2" : "2. fázis...",
    "sync_complete" : "A szinkronizálás befejeződött.",
    "sync_complete_subtitle" : "Újra biztonságos a fájlok módosítása.",
    "sync_complete_subtitle2" : "\nFájlok változásainak figyelése...",
    "sync_notification_generic_error" : "Hiba: %s a következőre tett kísérletkor: %s [%s]",
    "sync_notification_multiple_error" : "Többszörös hiba: %s a következőre tett kísérletkor: %s [%s]",
    "sync_error_command_create" : "létrehozás",
    "sync_error_command_delete" : "törlés",
    "sync_error_command_update" : "frissítés",
    "sync_error_command_move" : "áthelyezés",
    "sync_notification_sync_complete" : "A szinkronizálás befejeződött [%s]",
    "sync_notification_upload_complete" : "A feltöltés befejeződött [%s]",
    "sync_notification_upload_error" : "Hiba: %s a feltöltés közben [%s]",
    "sync_notification_download_complete" : "A letöltés befejeződött [%s]",
    "sync_notification_delete_complete" : "A törlés befejeződött [%s]",
    "sync_notification_deletelocal_complete" : "A helyi fájl törlésre került [%s]",
    "sync_notification_merge_complete" : "Az összefésülési konfliktus feloldásra került [%s]",
    "sync_notification_no_update" : "Nincs szükség frissítésre [%s]",
    "sync_notification_merge_conflict" : "Összefésülési konfliktus [%s]",
    "sync_notification_rename_complete" : "Az átnevezés befejeződött",
    "sync_notification_rename_data_complete" : "Az átnevezés befejeződött: %s => %s",
    "sync_notification_move_complete" : "Az áthelyezés befejeződött",
    "sync_notification_move_data_complete" : "Az áthelyezés befejeződött: %s => %s",
    "sync_dir_created" : "A könyvtár létrehozása befejeződött: %s",
    "sync_upload_skip" : "Fájl feltöltésének kihagyása egy függőben lévő összefésülési konfliktus miatt: %s",
    "sync_upload_start" : "Fájl feltöltése: %s",
    "sync_upload_complete" : "A fájl feltöltése befejeződött: %s",
    "sync_delete_dir_skip" : "Távoli könyvtár törlésének kihagyása egy függőben lévő összefésülési konfliktus miatt: %s",
    "sync_delete_file_skip" : "Távoli fájl törlésének kihagyása egy függőben lévő összefésülési konfliktus miatt: %s",
    "sync_delete_dir_complete" : "A könyvtár törlése befejeződött: %s",
    "sync_delete_file_complete" : "A fájl törlése befejeződött: %s",
    "sync_delete_localfile_cancel" : "A helyi fájl törlése megszakítási kérés miatt megszakításra került.",
    "sync_delete_localfile_skip" : "Helyi fájl törlésének kihagyása egy függőben lévő összefésülési konfliktus miatt: %s",
    "sync_write_cancel" : "A helyi fájl írása megszakítási kérés miatt megszakításra került.",
    "sync_download_complete" : "A fájl letöltése befejeződött: %s",
    "sync_resolve_cancel" : "A konfliktus feloldása megszakítási kérés miatt megszakításra került.",
    "sync_resolve_complete" : "Az összefésülési konfliktus feloldásra került a(z) %s esetében",
    "sync_resolve_unknown_action" : "Ismeretlen művelet: %s",
    "sync_sync_upload_skip" : "A(z) %s fájl feltöltésének kihagyása",
    "sync_sync_delete_skip" : "A(z) %s fájl törlésének kihagyása",
    "sync_sync_download_skip" : "A(z) %s fájl letöltésének kihagyása",
    "sync_merge_help_1" : "A konfliktus feloldásához fésülje össze a fájlokat. Az összefésülés után nevezze át a(z) '%s' fájlt '%s' névre.",
    "sync_merge_help_2" : "Ennek eredményeképpen a rendszer feloldja a konfliktust, és feltölti a feloldott fájlt.",
    "sync_merge_help_deleted_remotely_1" : "A konfliktus feloldásához két választása van:",
    "sync_merge_help_deleted_remotely_2" : "1) Feloldás törlésen keresztül - Helyileg is törli a fájlt.",
    "sync_merge_help_deleted_remotely_3" : "   Ezt úgy érheti el, hogy átnevezi a(z) '%s' fájlt '%s' névre.",
    "sync_merge_help_deleted_remotely_4" : "2) Feloldás távoli fájllal - Töltse le a távoli fájlt.",
    "sync_merge_help_deleted_remotely_5" : "   Ezt úgy érheti el, hogy átnevezi a(z) '%s' fájlt '%s' névre.",
    "sync_merge_help_deleted_remotely_6" : "Ennek eredményeképpen a rendszer feloldja a konfliktust.",
    "sync_merge_help_deleted_locally_1" : "A konfliktus feloldásához két választása van:",
    "sync_merge_help_deleted_locally_2" : "1) Feloldás törlésen keresztül - Helyileg is törli a fájlt.",
    "sync_merge_help_deleted_locally_3" : "   Ezt úgy érheti el, hogy átnevezi a(z) '%s' fájlt '%s' névre.",
    "sync_merge_help_deleted_locally_4" : "2) Feloldás távoli fájllal - Töltse le a távoli fájlt.",
    "sync_merge_help_deleted_locally_5" : "   Ezt úgy érheti el, hogy átnevezi a(z) '%s' fájlt '%s' névre.",
    "sync_merge_help_deleted_locally_6" : "Ennek eredményeképpen a rendszer feloldja a konfliktust.",
    "sync_conflict_local_deleted_1" : "A(z) %s esetében kézi beavatkozás szükséges.",
    "sync_conflict_local_deleted_2" : "A fájl helyileg törölve lett, és frissítésre került a távoli kiszolgálón. Nem lehet eldönteni, hogy le kell-e tölteni a frissített távoli fájlt, vagy törölni kell azt.",
    "sync_conflict_local_deleted_3" : "Fájl letöltése a következő néven: %s",
    "sync_conflict_remote_deleted_1" : "A(z) %s esetében kézi beavatkozás szükséges.",
    "sync_conflict_remote_deleted_2" : "A fájl távolról törölve lett, és helyileg frissítésre került. Nem lehet eldönteni, hogy fel kell-e tölteni a frissített fájlt, vagy törölni kell azt.",
    "sync_conflict_both_1" : "A(z) %s esetében kézi összefésülés szükséges.",
    "sync_conflict_both_2" : "A fájl helyileg is, és a távoli kiszolgálón is frissítésre került.",
    "sync_conflict_both_3" : "Fájl letöltése a következő néven: %s",
    "sync_conflict_outstanding" : "Függőben lévő összefésülési konfliktus a(z) %s esetében",
    "sync_event_add_dir" : "Felismert könyvtár létrehozás: %s",
    "sync_event_add_file" : "Felismert fájl létrehozás: %s",
    "sync_event_delete_dir" : "Felismert könyvtár eltávolítás: %s",
    "sync_event_delete_file" : "Felismert fájl eltávolítás: %s",
    "sync_event_rename_dir" : "Felismert könyvtár átnevezés/áthelyezés: %s",
    "sync_event_rename_file" : "Felismert fájl átnevezés/áthelyezés: %s",
    "sync_event_change_file" : "Felismert fájl módosítás: %s",
    "sync_rename_skip" : "Helyi fájl átnevezésének kihagyása egy függőben lévő összefésülési konfliktus miatt: %s",
    "sync_start_watching" : "Fájlok változásának figyelése a(z) '%s' könyvtárban...",

    "sync_ignore_rename" : "A fájl átnevezésének mellőzése, mert a(z) '%s' célfájl megfelel egy rejtett fájl feltételnek.",
    "watcher_ignore_delete" : "A fájl törlésének mellőzése, mert a(z) '%s' célfájl megfelel egy rejtett fájl feltételnek.",

    "sync_report" : "Szinkronizálási jelentés:\nÖsszes      : %d\nFeltöltött   : %d\nLetöltött : %d\nTörölt    : %d / %d (Helyi/Távoli)\nKonfliktusok  : %d / %d (Feloldott)\nNincs művelet  : %d\nHibák     : %d\n",
    "sync_error_happened" : "Hibák történtek a szinkronizálás közben!"

}

