{
    "program_title" : "IBM Digital Experience File Sync v%s",
    "program_help_1" : "Questa utility sincronizza le risorse WebDAV per un tema IBM WebSphere Portal con una directory locale.",
    "program_help_2" : "Consente a uno sviluppatore di temi di gestire agevolmente tali file in locale utilizzando l'editor preferito.",
    "program_help_3" : "I file vengono caricati automaticamente sul server remoto durante l'aggiornamento in locale.",
    "program_help_4" : "È possibile trovare ulteriori informazioni nel file readme.txt allegato\n",
    "program_help_5" : "Guida per il comando:\ndxsync.sh <opzioni> <command>\n",
    "program_help_6" : "Comandi disponibili:",
    "program_help_7" : "init\n    Inizializza un tema nella directory locale corrente",
    "program_help_8" : "run\n    Esegue una sincronizzazione a due vie e tiene attivo il processo sullo sfondo per osservare le modifiche file",
    "program_help_9" : "pull\n    Provoca una sincronizzazione a una via per scaricare tutti i file aggiornati dal sistema remoto",
    "program_help_10" : "push\n    Provoca una sincronizzazione a una via per caricare tutti i file aggiornati (sovrascrivendo le modifiche remote) sul sistema remoto \n",
    "program_help_11" : "Opzioni disponibili:",
    "program_help_12" : "--debug\n    Abilita la modalità di debug con valori predefiniti (livello: migliore, tutti i metodi e file)",
    "program_help_13" : "--debug-finest\n    Imposta il livello di traccia su ottimo\n",
    "log_file_location" : "Il file di log verrà scritto in %s/.dxsync.log",
    "log_file_location2" : "Il file di log si trova qui: %s",
    "sigint" : "Interruzione processo. Arrivederci.",
    "uncaught_exception" : "Eccezioni non rilevate",
    "unrecognized_command" : "Comando non riconosciuto: %s",
    "unrecognized_option" : "Opzione non riconosciuta: %s",
    "too_many_commands" : "Troppi comandi: %s",
    "setup_1" : "Con questo comando si crea un nuovo punto di sincronizzazione del tema",
    "setup_2" : "nella directory corrente '%s'.\n",
    "setup_3" : "Seguire le richieste per connettersi all'istanza IBM WebSphere Portal remota.",
    "setup_connecting" : "Connessione al server remoto...",
    "setup_themes_found" : "Trovati i seguenti temi. Selezionare quello a cui si desidera connettersi:",
    "setup_theme_desc" : "Immettere un numero tra 1 e %d",
    "list_themes" : "Richiamo temi da %s",
    "list_themes_none" : "Nessun tema trovato sul server di destinazione.",
    "setup_abort" : "L'inizializzazione viene interrotta.",
    "setup_success1" : "Configurazione sincronizzazione tema riuscita.",
    "setup_success2" : "Ora è possibile eseguire la sincronizzazione con il comando 'run'.",
    "print_config" : "Configurazione:",
    "error_loading_config" : "Impossibile caricare le impostazioni dxsync in questa directory. Eseguire prima 'dxsync.sh init'.",
    "error_host" : "Impossibile eseguire la connessione all'host.",
    "error_refused" : "Connessione rifiutata.",
    "error_not_found" : "Elemento richiesto non trovato.",
    "error_unauthorized" : "Non autorizzato. Nome utente o password non corretti.",
    "error_wrong_protocol" : "Protocollo errato. Questo accade di solito quando l'utente utilizza la porta sbagliata nel tentativo di connettersi al server. Ad esempio, la porta non-sicura (http) con ubicazione sicura (url https).",
    "error_connection_reset" : "Connessione reimpostata. Questo accade di solito quando l'utente utilizza la porta sbagliata nel tentativo di connettersi al server. Ad esempio, la porta sicura (https) con ubicazione non-sicura (url https).",
    "error_probably_no_tai" : "Impossibile effettuare l'autenticazione con il sistema remoto. La causa più probabile è che il Basic Auth TAI (Trust Association Intercepter) sia stato disabilitato sull'host di destinazione. Consultare la documentazione DXSync su come attivare questa opzione.",

    "config_section_basic" : "Di base",
    "config_section_advanced" : "Avanzate",
    "config_host_desc" : "Nome host",
    "config_user_desc" : "Nome utente",
    "config_pass_desc" : "Password",
    "config_contenthandler_desc" : "Percorso al servlet gestore del contenuto",
    "config_port_desc" : "Porta",
    "config_theme_desc" : "Tema",
    "config_syncinterval_desc" : "Intervallo in minuti per la sincronizzazione in sfondo",
    "config_connections_desc" : "Numero di connessioni remote simultanee",
    "config_filter_desc" : "Espressione regolare per ignorare i file",
    "config_secure_desc" : "Connessione sicura (https)?",

    "webdav_request_canceled" : "Richiesta WebDAV interrotta per richiesta di annullamento.",
    "webdav_retry_success" : "È stato risolto il problema precedentemente incontrato per '%s' dopo %s tentativi.",
    "webdav_invalid_url" : "URL non valido (%s) - impossibile trovare lo schema",

    "watcher_restart" : "Riavviare sinc tema! (comando rename non riuscito per %s)",
    "watcher_restart2" : "Riavviare sinc tema! (impossibile trovare gestore con percorso #1 ? %s)",
    "watcher_restart3" : "Riavviare sinc tema! (impossibile trovare gestore con percorso #2 ? %s)",
    "watcher_stateexception" : "UnknownStateException:\npath: %s\nwatchedPath: %\nstartDir: %s",
    "watcher_windows_1" : "A causa di limitazioni di piattaforma su Windows (gestione gestore fileaperto) l'eliminazione di directory non è supportata durante l'osservazione dei file.",
    "watcher_windows_2" : "Per eliminare la cartella durante l'osservazione utilizzare un altro sistema operativo, ad esempio OSX o Linux. Su Windows, arrestare l'osservazione, eliminare la cartella e riavviare il processo.\n",
    "watcher_unable_1" : "Impossibile osservare i file a causa di modulo pathwatcher mancante. Installare il modulo dall'origine senza l'indicatore --no-optional.",
    "watcher_unable_2" : "Fornire il feedback all'autore di questo modulo relativamente alle dipendenze precompilate mancanti.",
    "watcher_unable_3" : "Informazioni sul sistema in uso: %s (Piattaforma) / %s (Architettura)\n",
    "watcher_win_toomany_folders" : "Impossibile osservare la directory '%s' a causa di un bug non risolto in un componente prerequisito.\nPer ulteriori informazioni consultare https://github.com/atom/node-pathwatcher/issues/70.",
    "watcher_win_toomany_folders_start" : "Impossibile osservare le seguenti directory a causa di un bug non risolto in un componente prerequisito.\nPer ulteriori informazioni consultare https://github.com/atom/node-pathwatcher/issues/70.",
    "watcher_forcewatch_info" : "Se è necessario che le directory sopra siano osservate per altri, utilizzare l'impostazione 'forceWatch'. Aggiungere semplicemente l'elemento forceWatch al file delle impostazioni ubicato in %s. Il valore è un array di directory per cui forzare l'osservazione. Esempio: \"forceWatch\": [\"/example/directory\"]",

    "sync_idle" : "Inattivo...",
    "sync_background_start" : "Avvio successiva sincronizzazione tra %d minuti...",
    "sync_background_disabled" : "Sincronizzazione in sfondo disabilitata.",
    "sync_invalid_mode" : "Passata variabile modalità non valida.",
    "sync_2way_phase_1" : "Avviata sincronizzazione a due vie... Fase 1...",
    "sync_2way_notification" : "Sincronizzazione a due vie avviata",
    "sync_push_phase_1" : "Caricamento file aggiornati... Fase 1...",
    "sync_push_notification" : "Caricamento file aggiornati",
    "sync_pull_phase_1" : "Download file aggiornati... Fase 1...",
    "sync_pull_notification" : "Download file aggiornati",
    "sync_notification_subtitle" : "Attendere prima di effettuare altri aggiornamenti.",
    "sync_phase2" : "Fase 2...",
    "sync_complete" : "Sincronizzazione completata.",
    "sync_complete_subtitle" : "Ora è di nuovo possibile effettuare modifiche file.",
    "sync_complete_subtitle2" : "\nOsservazione file per modifiche...",
    "sync_notification_generic_error" : "Errore %s nel tentativo di %s [%s]",
    "sync_notification_multiple_error" : "Più errori %s nel tentativo di %s [%s]",
    "sync_error_command_create" : "creare",
    "sync_error_command_delete" : "eliminare",
    "sync_error_command_update" : "aggiornare",
    "sync_error_command_move" : "spostare",
    "sync_notification_sync_complete" : "Sincronizzazione completata [%s]",
    "sync_notification_upload_complete" : "Caricamento completato [%s]",
    "sync_notification_upload_error" : "Errore %s durante il caricamento [%s]",
    "sync_notification_download_complete" : "Download completato [%s]",
    "sync_notification_delete_complete" : "Eliminazione completata [%s]",
    "sync_notification_deletelocal_complete" : "File locale eliminato [%s]",
    "sync_notification_merge_complete" : "Conflitto di unione risolto [%s]",
    "sync_notification_no_update" : "Nessun aggiornamento necessario [%s]",
    "sync_notification_merge_conflict" : "Conflitto di unione [%s]",
    "sync_notification_rename_complete" : "Ridenominazione completata",
    "sync_notification_rename_data_complete" : "Ridenominazione completata: %s => %s",
    "sync_notification_move_complete" : "Spostamento completato",
    "sync_notification_move_data_complete" : "Spostamento completato: %s => %s",
    "sync_dir_created" : "Creazione directory completata: %s",
    "sync_upload_skip" : "Si ignora il caricamento file a causa di un conflitto di unione in corso: %s",
    "sync_upload_start" : "Caricamento file: %s",
    "sync_upload_complete" : "Caricamento file completato: %s",
    "sync_delete_dir_skip" : "Si ignora l'eliminazione della directory remota a causa di un conflitto di unione in corso: %s",
    "sync_delete_file_skip" : "Si ignora l'eliminazione del file remoto a causa di un conflitto di unione in corso: %s",
    "sync_delete_dir_complete" : "Eliminazione directory completata: %s",
    "sync_delete_file_complete" : "Eliminazione file completata: %s",
    "sync_delete_localfile_cancel" : "Eliminazione file locale interrotta per richiesta di annullamento.",
    "sync_delete_localfile_skip" : "Si ignora l'eliminazione del file locale a causa di un conflitto di unione in corso: %s",
    "sync_write_cancel" : "Scrittura file locale interrotta per richiesta di annullamento.",
    "sync_download_complete" : "Download file completato: %s",
    "sync_resolve_cancel" : "Risoluzione conflitto interrotta per richiesta di annullamento.",
    "sync_resolve_complete" : "Conflitto di unione risolto per %s",
    "sync_resolve_unknown_action" : "Azione %s sconosciuta",
    "sync_sync_upload_skip" : "Si ignora il caricamento file %s",
    "sync_sync_delete_skip" : "Si ignora l'eliminazione file %s",
    "sync_sync_download_skip" : "Si ignora il download del file %s",
    "sync_merge_help_1" : "Per risolvere il conflitto unire i file. Una volta uniti ridenominare '%s' in '%s'.",
    "sync_merge_help_2" : "Ciò farà sì che il sistema risolva il conflitto e carichi il file risolto.",
    "sync_merge_help_deleted_remotely_1" : "Per risolvere il conflitto esistono due possibilità:",
    "sync_merge_help_deleted_remotely_2" : "1) Risolvere con eliminazione - Elimina il file anche localmente.",
    "sync_merge_help_deleted_remotely_3" : "   Ciò è possibile ridenominando '%s' in '%s'.",
    "sync_merge_help_deleted_remotely_4" : "2) Risolvere con remoto - Scaricare il file remoto.",
    "sync_merge_help_deleted_remotely_5" : "   Ciò è possibile ridenominando '%s' in '%s'.",
    "sync_merge_help_deleted_remotely_6" : "Ciò farà sì che il sistema risolva il conflitto.",
    "sync_merge_help_deleted_locally_1" : "Per risolvere il conflitto esistono due possibilità:",
    "sync_merge_help_deleted_locally_2" : "1) Risolvere con eliminazione - Elimina il file anche localmente.",
    "sync_merge_help_deleted_locally_3" : "   Ciò è possibile ridenominando '%s' in '%s'.",
    "sync_merge_help_deleted_locally_4" : "2) Risolvere con remoto - Scaricare il file remoto.",
    "sync_merge_help_deleted_locally_5" : "   Ciò è possibile ridenominando '%s' in '%s'.",
    "sync_merge_help_deleted_locally_6" : "Ciò farà sì che il sistema risolva il conflitto.",
    "sync_conflict_local_deleted_1" : "Richiesto intervento manuale per %s",
    "sync_conflict_local_deleted_2" : "Il file è stato eliminato localmente e aggiornato sul server remoto. Impossibile determinare se scaricare il file remoto aggiornato o eliminarlo.",
    "sync_conflict_local_deleted_3" : "Download file come %s",
    "sync_conflict_remote_deleted_1" : "Richiesto intervento manuale per %s",
    "sync_conflict_remote_deleted_2" : "Il file è stato eliminato in remoto e aggiornato in locale. Impossibile determinare se caricare il file aggiornato o eliminarlo.",
    "sync_conflict_both_1" : "Richiesta unione manuale per %s",
    "sync_conflict_both_2" : "Il file è stato aggiornato localmente e sul server remoto.",
    "sync_conflict_both_3" : "Download file come %s",
    "sync_conflict_outstanding" : "Conflitto di unione in corso per %s",
    "sync_event_add_dir" : "Creazione directory riconosciuta: %s",
    "sync_event_add_file" : "Creazione file riconosciuta: %s",
    "sync_event_delete_dir" : "Rimozione directory riconosciuta: %s",
    "sync_event_delete_file" : "Rimozione file riconosciuta: %s",
    "sync_event_rename_dir" : "Ridenominazione/spostamento directory riconosciuti: %s",
    "sync_event_rename_file" : "Ridenominazione/spostamento file riconosciuti: %s",
    "sync_event_change_file" : "Modifica file riconosciuta: %s",
    "sync_rename_skip" : "Si ignora la ridenominazione del file locale a causa di un conflitto di unione in corso: %s",
    "sync_start_watching" : "Osservazione file in '%s' per modifiche...",

    "sync_ignore_rename" : "La ridenominazione del file viene ignorata poichè il file di destinazione '%s' soddisfa i criteri per un file nascosto.",
    "watcher_ignore_delete" : "L'eliminazione del file viene ignorata poichè il file di destinazione '%s' soddisfa i criteri per un file nascosto.",

    "sync_report" : "Report sincronizzazione:\nTotale      : %d\nCaricato   : %d\nScaricato : %d\nEliminato    : %d / %d (Locale/Remoto)\nConflitti  : %d / %d (Risolto)\nNessuna azione  : %d\nErrori     : %d\n",
    "sync_error_happened" : "Si sono verificati errori durante la sincronizzazione."

}

