{
    "program_title" : "IBM Digital Experience File Sync v%s бағдарламасы",
    "program_help_1" : "Бұл қызметтік бағдарлама WebDAV ресурстарын IBM WebSphere Portal тақырыбын жергілікті каталогпен бірге синхрондайды.",
    "program_help_2" : "Бұл тақырып жасқартушысына жеке таңдаулы өңдеушіні жергілікті қолдана отыра сол файлдармен оңай жұмыс жасау үшін рұқсат етіледі.",
    "program_help_3" : "Файлдар жергілікті жаңартылатын кезде, оқшау серверіне автоматты түрде жаңартылады.",
    "program_help_4" : "Әрі қарайғы мәлімет тіркелген readme.txt файлында табылуы мүмкін\n",
    "program_help_5" : "Пәрмен анықтамасы:\ndxsync.sh <options> <command>\n",
    "program_help_6" : "Қолжетімді пәрмендер:",
    "program_help_7" : "init\n    Ағымдағы жергілікті каталогтағы тақырыпты баптандырады",
    "program_help_8" : "run\n    2-жолды синхронизациялауды орындау және файл өзгертулерін қарау үшін өңдікте процесті белсенді сақтау",
    "program_help_9" : "pull\n    Оқшау жүйеден барлық жаңартылған файлдарды жүктеу үшін бір жолды синхрондауға себеп болады",
    "program_help_10" : "push\n    Оқшау жүйеден (оқшау өзгертулерді алдын ала жазады) барлық жаңартылған файлдарды жүктеу үшін бір жолды синхрондауға себеп болады \n",
    "program_help_11" : "Қолжетімді опциялар:",
    "program_help_12" : "--debug\n    Әдепкілермен күйін келтіру режимін іске қосады (деңгейі: жақсырақ, барлық әдістер және файлдар)",
    "program_help_13" : "--debug-finest\n    Жақсырағына бақылау деңгейін орнатады\n",
    "log_file_location" : "Журнал файлы %s/.dxsync.журналына жазылады",
    "log_file_location2" : "Журнал файлы осында табылауы мүмкін: %s",
    "sigint" : "Бөлу процесі. Сау болыңыз.",
    "uncaught_exception" : "Ерекше жағдайды ұстамау",
    "unrecognized_command" : "Анықталмаған пәрмен: %s",
    "unrecognized_option" : "Анықталмаған опция: %s",
    "too_many_commands" : "Тым көп пәрмендер: %s",
    "setup_1" : "Осы пәрменмен келесіде жаңа тақырыптың синхрондалуын жасайсыз",
    "setup_2" : "ағымдағы каталог: '%s'.\n",
    "setup_3" : "Оқшау IBM WebSphere Portal данасына қосылу үшін шақыруды бақылаңыз.",
    "setup_connecting" : "Оқшау серверге қосылу...",
    "setup_themes_found" : "Келесі тақырыптар табылды. Қайсысын қосқыңыз келетінді таңдаңыз:",
    "setup_theme_desc" : "1 және %d мәнінің арасындағы санды енгізу",
    "list_themes" : "%s мәнінен тақырыптарды шығарып алу",
    "list_themes_none" : "Ешқандай тақырып мақсаттық серверде табылмады.",
    "setup_abort" : "Баптандыруды болдырмау.",
    "setup_success1" : "Тақырып синхрондауын сәтті орнытты.",
    "setup_success2" : "'Орындау' пәрменімен синхрондауды орындауға дайынсыз.",
    "print_config" : "Конфигурация:",
    "error_loading_config" : "Осы каталогтағы dxsync параметрлерін жүктеу мүмкін емес. 'dxsync.sh init' параметрін бірінші болып орындаңыз.",
    "error_host" : "Хостқа қосылу мүмкін емес.",
    "error_refused" : "Қосылымнан бас тартылды.",
    "error_not_found" : "Сұралған элемент табылмады.",
    "error_unauthorized" : "Авторланбаған. Жарамсыз пайдаланушы аты немесе құпия сөзі.",
    "error_wrong_protocol" : "Қате протокол. Бұл әдетте серверге қосылу кезінде қате порт пайдаланылған кезде болады. Мысалы, қауіпсіз орны (https url) бар қауіпсіз емес (http) порт.",
    "error_connection_reset" : "Қосылым қайта орнатылды. Бұл әдетте серверге қосылу кезінде қате порт пайдаланылған кезде болады. Мысалы, қауіпсіз емес орны (https url) бар қауіпсіз (http) порт.",
    "error_probably_no_tai" : "Қашықтағы жүйемен түпнұсқалықты растау мүмкін емес. Бұл көбінесе Basic Auth TAI (Trust Association Intercepter) мақсатты хостта ажыратылғанда болады. Оны қалай іске қосу керектігі туралы ақпаратты DXSync құжаттамасынан оқыңыз.",

    "config_section_basic" : "Негізі",
    "config_section_advanced" : "Кеңейтілген",
    "config_host_desc" : "Хост аты",
    "config_user_desc" : "Пайдаланушы аты",
    "config_pass_desc" : "Құпия сөз",
    "config_contenthandler_desc" : "Мазмұнның өңдеуші сервлетіне жол",
    "config_port_desc" : "Порт",
    "config_theme_desc" : "тақырып",
    "config_syncinterval_desc" : "Өңдік синхронизациялауға арналған минуттардағы аралық",
    "config_connections_desc" : "Бәекелес оқшау қосылымдардың саны",
    "config_filter_desc" : "Файлдарды елемеу үшін қалыпты өрнек",
    "config_secure_desc" : "Қауіпсіз қосылым (https)?",

    "webdav_request_canceled" : "WebDAV сұрауы, болдырмау сұрауына байланысты бөлінді.",
    "webdav_retry_success" : "Сәтті шешілген мәселе '%s' мәнінен кейін %s уақыт әрекет жасағаннан соң табылды.",
    "webdav_invalid_url" : "Жарамсыз URL мекен-жайы (%s) - сұлбаны табу мүмкін емес",

    "watcher_restart" : "Тақырып синхрондауын қайта бастау! (%s мәніне сәтті болмайтын пәрменнің атын ауыстыру)",
    "watcher_restart2" : "Тақырып синхрондауын қайта бастау! (#1 жолы бойынша өңдеушіні табу мүмкін емес? %s)",
    "watcher_restart3" : "Тақырып синхрондауын қайта бастау! (#2 жолы бойынша өңдеушіні табу мүмкін емес? %s)",
    "watcher_stateexception" : "UnknownStateException:\npath: %s\nwatchedPath: %\nstartDir: %s",
    "watcher_windows_1" : "Windows (ашық файл өңдеу өңдеуде) бағдарламасындағы платформа шектеулерінің себебінен каталогтардың жойылуы, файлдарды қарау барысында қолданылмайды.",
    "watcher_windows_2" : "Қарап отқан кезде қалтаны жоюдың орнына, OSX немесе Linux қызметі сияқты басқа амалдағыш жүйені қолданыңыз. Windows бағдарламасында, қарауды тоқтатыңыз, қалтаны жойыңыз және сосын процесті қайта бастаңыз.\n",
    "watcher_unable_1" : "Жолды қарау модулінің жоғалуынан файлдарды қарау мүмкін емес. --ешқандай-опционалды жалаушасыз қайнар көзден модульді орнатыңыз.",
    "watcher_unable_2" : "Алдын ала-құрастырылған тәуелділіктер туралы осы модульдің авторына кері байланысты ұсыныңыз.",
    "watcher_unable_3" : "Жүйе мәліметі: %s (Платформа) / %s (Сәулет)\n",
    "watcher_win_toomany_folders" : "prereq құрамдасындағы шешілмеген қатенің себебінен '%s' каталогын көру мүмкін емес.\nҚосымша ақпарат үшін https://github.com/atom/node-pathwatcher/issues/70 бөлімін қараңыз.",
    "watcher_win_toomany_folders_start" : "prereq құрамдасындағы шешілмеген қатенің себебінен каталогтарын көру мүмкін емес.\nҚосымша ақпарат үшін https://github.com/atom/node-pathwatcher/issues/70 бөлімін қараңыз.",
    "watcher_forcewatch_info" : "Егер басқалардың қалаулысындағыны қарауға жоғарыдағы каталогтардың кез келгенін қажет етсеңіз, 'forceWatch' мәнінің параметрін қолданыңыз. forceWatch элементін %s мәнінде орналасқан параметрлер файлына қосуды жеңілдетіңіз. Мән қарауды қысу үшін каталогтардың жиымы болады. Мысалы: \"forceWatch\": [\"/example/directory\"]",

    "sync_idle" : "Әрекетсіз күй...",
    "sync_background_start" : "Кеелсі синхрондауды %d минуттарда бастау...",
    "sync_background_disabled" : "Өңдік синхронизация ажыратылды.",
    "sync_invalid_mode" : "Жарамсыз режим айнымалысы жіберілді.",
    "sync_2way_phase_1" : "Басталған 2-жолды синхрондау... 1-кезең...",
    "sync_2way_notification" : "2-жолды синхрондау басталды",
    "sync_push_phase_1" : "Жаңартылған файлдарды жүктеу... 1-кезең...",
    "sync_push_notification" : "Жаңартылған файлдарды жүктеу",
    "sync_pull_phase_1" : "Жаңартылған файлдарды кері жүктеу... 1-кезең...",
    "sync_pull_notification" : "Жаңартылған файлдарды кері жүктеу",
    "sync_notification_subtitle" : "Әрі қарайғы жаңартуларды жасаудан бұрын күтіңіз.",
    "sync_phase2" : "2-кезең...",
    "sync_complete" : "Синхрондау аяқталды.",
    "sync_complete_subtitle" : "Файл өзгертулерін қайта жасау қауіпсіз.",
    "sync_complete_subtitle2" : "\nӨзгертулерге арналған файлдарды қарау...",
    "sync_notification_generic_error" : "Қате %s әрекет жасауда %s [%s]",
    "sync_notification_multiple_error" : "Бірнеше қателер %s әрекет жасауда %s [%s]",
    "sync_error_command_create" : "жасау",
    "sync_error_command_delete" : "жою",
    "sync_error_command_update" : "жаңарту",
    "sync_error_command_move" : "жылжу",
    "sync_notification_sync_complete" : "Синхрондау аяқталды [%s]",
    "sync_notification_upload_complete" : "Жүктеу аяқталды [%s]",
    "sync_notification_upload_error" : "Қате %s жүктеу барысында [%s]",
    "sync_notification_download_complete" : "Кері жүктеу аяқталды [%s]",
    "sync_notification_delete_complete" : "Жою аяқталды [%s]",
    "sync_notification_deletelocal_complete" : "Жойылған жергілікті файл [%s]",
    "sync_notification_merge_complete" : "Біріктіру қайшылығы шешілді [%s]",
    "sync_notification_no_update" : "Ешқандай жаңарту қажет емес [%s]",
    "sync_notification_merge_conflict" : "Біріктіру қайшылығы [%s]",
    "sync_notification_rename_complete" : "Атын ауыстыру аяқталды",
    "sync_notification_rename_data_complete" : "Атын ауыстыру аяқталды: %s => %s",
    "sync_notification_move_complete" : "Жылжыту аяқталды",
    "sync_notification_move_data_complete" : "Жылжыту аяқталды: %s => %s",
    "sync_dir_created" : "Каталогтың жасалуын аяқтау: %s",
    "sync_upload_skip" : "Сырттағы біріктіру қайшылығына байланысты файл жүктеуін өткізіп жіберу: %s",
    "sync_upload_start" : "Файлды жүктеу: %s",
    "sync_upload_complete" : "Файлдың жүктелуін аяқтау: %s",
    "sync_delete_dir_skip" : "Сырттағы біріктіру қайшылығына байланысты оқшау каталогтың жоюын өткізіп жіберу: %s",
    "sync_delete_file_skip" : "Сырттағы біріктіру қайшылығының себебінен оқшау файлдың жоюын өткізіп жіберу: %s",
    "sync_delete_dir_complete" : "Каталогтың жойылуын аяқтау: %s",
    "sync_delete_file_complete" : "Файлдың жойылуын аяқтау: %s",
    "sync_delete_localfile_cancel" : "Болдырмау сұрауының себебінен жергілікті файл жойылуы бөлінді.",
    "sync_delete_localfile_skip" : "Сырттағы біріктіру қаушылығына байланысты жергілікті файлдың жойылуы өткізіліп жіберілді: %s",
    "sync_write_cancel" : "Болдырмау сұрауының себебінен жергілікті файлды жазу бөлінді.",
    "sync_download_complete" : "Файлдың жүктеуін аяқтау: %s",
    "sync_resolve_cancel" : "Болдырмау сұрауының себебінен қайшылықты шешу бөлінді.",
    "sync_resolve_complete" : "%s мәніне шешілген қайшылықты біріктіру",
    "sync_resolve_unknown_action" : "Белгісіз әрекет %s",
    "sync_sync_upload_skip" : "Файлды жүктеуді өткізіп жіберу %s",
    "sync_sync_delete_skip" : "Файлдың жойылуын өткізіп жіберу %s",
    "sync_sync_download_skip" : "%s файлының жүктелуін өткізіп жіберу",
    "sync_merge_help_1" : "Қайшылықты шешудің орнына файлдарды біріктіріңіз. Бір рет біріктірілген '%s' мәнінен '%s' мәніне атын ауыстырады.",
    "sync_merge_help_2" : "Бұл жүйеге қайшылықты шешуге және шешілген файлды жүктеуге себеп болады.",
    "sync_merge_help_deleted_remotely_1" : "Қайшылықты шешудің орнына, екі таңдауыңыз бар:",
    "sync_merge_help_deleted_remotely_2" : "1) Жою арасынан шешу - Файлды жергілікті жояды.",
    "sync_merge_help_deleted_remotely_3" : "   Бұл '%s' мәнін '%s' мәніне атын ауыстыру арқылы мұрағатталады.",
    "sync_merge_help_deleted_remotely_4" : "2) Оқшаумен шешу - Оқшау файлын жүктеу.",
    "sync_merge_help_deleted_remotely_5" : "   Бұл '%s' мәнін '%s' мәніне атын ауыстыру арқылы мұрағатталады.",
    "sync_merge_help_deleted_remotely_6" : "Бұл жүйеге қайшылықты шешуге ебеп болады.",
    "sync_merge_help_deleted_locally_1" : "Қайшылықты шешудің орнына, екі таңдауыңыз бар:",
    "sync_merge_help_deleted_locally_2" : "1) Жою арасынан шешу - Файлды жергілікті жояды.",
    "sync_merge_help_deleted_locally_3" : "   Бұл '%s' мәнін '%s' мәніне атын ауыстыру арқылы мұрағатталады.",
    "sync_merge_help_deleted_locally_4" : "2) Оқшаумен шешу - Оқшау файлын жүктеу.",
    "sync_merge_help_deleted_locally_5" : "   Бұл '%s' мәнін '%s' мәніне атын ауыстыру арқылы мұрағатталады.",
    "sync_merge_help_deleted_locally_6" : "Бұл жүйеге қайшылықты шешуге ебеп болады.",
    "sync_conflict_local_deleted_1" : "%s мәніне қажетті қолмен жасау араласуы",
    "sync_conflict_local_deleted_2" : "Файл жергілікті жойылды және оқшау серверде жаңартылды. Не жаңартылған оқшау файлды жүктеуді немесе оны жоюды анықтау мүмкін емес.",
    "sync_conflict_local_deleted_3" : "%s мәні сияқты файлды жүктеу",
    "sync_conflict_remote_deleted_1" : "%s мәніне қажетті қолмен жасау араласуы",
    "sync_conflict_remote_deleted_2" : "Файл оқшауланып жойылды және жергілікті жаңартылды. Не жаңартылған файлды жүктеуді немесе оны жоюды анықтау мүмкін емес.",
    "sync_conflict_both_1" : "%s мәніне қажетті қолмен жасау біріктіруі",
    "sync_conflict_both_2" : "Файл оқшау серверде жаңартылды.",
    "sync_conflict_both_3" : "%s мәні сияқты файлды жүктеу",
    "sync_conflict_outstanding" : "%s мәніне арналған біріктіру қайшылығын орындамау",
    "sync_event_add_dir" : "Анықталған каталогтың жасалуы: %s",
    "sync_event_add_file" : "Анықталған файлдың жасалуы: %s",
    "sync_event_delete_dir" : "Анықталған каталогтың жойылуы: %s",
    "sync_event_delete_file" : "Анықталған файлдың жойылуы: %s",
    "sync_event_rename_dir" : "Анықталған каталогтың атын ауыстыру/жылжыту: %s",
    "sync_event_rename_file" : "Анықталған файлдың атын ауыстыру/жылжыту: %s",
    "sync_event_change_file" : "Анықталған файлдың өзгертуі: %s",
    "sync_rename_skip" : "Сырттағы біріктіру қаушылығына байланысты жергілікті файлдың атын ауыстыруды өткізіп жіберу: %s",
    "sync_start_watching" : "Өзгертулерге арналған '%s' мәніндегі файлдарды қарау...",

    "sync_ignore_rename" : "Файлдың қайта жасалған аты еленбеуде, себебі '%s' мақсатты файлы жасырын файлдың шартына сай.",
    "watcher_ignore_delete" : "Файлды жою еленбеуде, себебі '%s' мақсатты файлы жасырын файлдың шартына сай.",

    "sync_report" : "Синхрондау есебі:\nТолық: %d\nҚотарылған: %d\nЖүктеген: %d\nЖойылған: %d / %d (Жергілікті/Қашықтағы)\nҚайшылықтар: %d / %d (Шешілген)\nӘрекет жоқ: %d\nҚателер: %d\n",
    "sync_error_happened" : "Қателер синхрондау барысында пайда болды!"

}

