{
    "program_title" : "IBM Digital Experience File Sync v%s",
    "program_help_1" : "Este utilitário sincroniza os recursos do WebDAV para um tema do IBM WebSphere Portal com um directório local.",
    "program_help_2" : "Permite que um programador de tema trabalhe facilmente com esses ficheiros localmente, utilizando o editor favorito.",
    "program_help_3" : "Os ficheiros são transferidos automaticamente para o servidor remoto ao actualizar localmente.",
    "program_help_4" : "Poderá obter informações adicionais no ficheiro readme.txt em anexo\n",
    "program_help_5" : "Ajuda para comandos:\ndxsync.sh <opções> <comando>\n",
    "program_help_6" : "Comandos disponíveis:",
    "program_help_7" : "init\n    Inicializa um tema no directório local actual",
    "program_help_8" : "run\n    Executa uma sincronização bidireccional e mantém o processo activo em segundo plano para verificar alterações de ficheiros",
    "program_help_9" : "pull\n    Faz com que uma sincronização unidireccional descarregue todos os ficheiros actualizados a partir do sistema remoto",
    "program_help_10" : "push\n    Faz com que uma sincronização unidireccional transfira todos os ficheiros actualizados (substituindo as alterações remotas) no sistema remoto\n",
    "program_help_11" : "Opções disponíveis:",
    "program_help_12" : "--debug\n    Activa o modo de depuração com predefinições (nível: melhor, todos os métodos e ficheiros)",
    "program_help_13" : "--debug-finest\n    Define o nível de rastreio para melhor\n",
    "log_file_location" : "O ficheiro de registo será gravado em %s/.dxsync.log",
    "log_file_location2" : "O ficheiro de registo pode ser encontrado aqui: %s",
    "sigint" : "A interromper processo. Adeus.",
    "uncaught_exception" : "Excepção não identificada",
    "unrecognized_command" : "Comando não reconhecido: %s",
    "unrecognized_option" : "Opção não reconhecida: %s",
    "too_many_commands" : "Demasiados comandos: %s",
    "setup_1" : "nCom este comando, está a criar um novo ponto de sincronização de temas no",
    "setup_2" : "directório actual '%s'.\n",
    "setup_3" : "Siga os pedidos de informação para estabelecer ligação à ocorrência remota do IBM WebSphere Portal.",
    "setup_connecting" : "A estabelecer ligação ao servidor remoto...",
    "setup_themes_found" : "Foram localizados os seguintes temas. Seleccione o tema ao qual pretende estabelecer ligação:",
    "setup_theme_desc" : "Introduza um número entre 1 e %d",
    "list_themes" : "A obter temas a partir de %s",
    "list_themes_none" : "Não foram localizados temas no servidor de destino.",
    "setup_abort" : "A cancelar inicialização.",
    "setup_success1" : "Configuração bem sucedida da sincronização de temas.",
    "setup_success2" : "Está pronto para executar a sincronização com o comando 'run'.",
    "print_config" : "Configuração:",
    "error_loading_config" : "Não é possível carregar as definições de dxsync neste directório. Execute 'dxsync.sh init' primeiro.",
    "error_host" : "Não é possível estabelecer ligação ao sistema central.",
    "error_refused" : "Ligação recusada.",
    "error_not_found" : "Item solicitado não encontrado.",
    "error_unauthorized" : "Não autorizado. Nome do utilizador ou palavra-passe incorrecta.",
    "error_wrong_protocol" : "Protocolo incorrecto. Normalmente ocorre se utilizou a porta incorrecta ao ligar ao servidor. Por exemplo, porta não segura (http) em conjunto com localização segura (https url).",
    "error_connection_reset" : "Ligação reposta. Normalmente ocorre se utilizou a porta incorrecta ao ligar ao servidor. Por exemplo, porta segura (https) em conjunto com localização não segura (https url).",
    "error_probably_no_tai" : "Não foi possível efectuar a autenticação no sistema remoto. É a situação mais provável se a Autenticação Básica TAI (Trust Association Intercepter) foi desactivada no sistema central remoto. Consulte a documentação DXSync para saber como activar esta função.",

    "config_section_basic" : "Básico",
    "config_section_advanced" : "Avançadas",
    "config_host_desc" : "Nome do sistema central",
    "config_user_desc" : "Nome do utilizador",
    "config_pass_desc" : "Palavra-passe",
    "config_contenthandler_desc" : "Caminho da servlet da rotina de tratamento de conteúdo",
    "config_port_desc" : "Porta",
    "config_theme_desc" : "Tema",
    "config_syncinterval_desc" : "Intervalo em minutos para a sincronização em segundo plano",
    "config_connections_desc" : "Número de ligações remotas concorrentes",
    "config_filter_desc" : "Expressão global para ignorar ficheiros",
    "config_secure_desc" : "Ligação segura (https)?",

    "webdav_request_canceled" : "Pedido de WebDAV interrompido devido a pedido de cancelamento.",
    "webdav_retry_success" : "O problema anteriormente localizado para '%s' foi resolvido com êxito após %s tentativas.",
    "webdav_invalid_url" : "URL não válido (%s) - não é possível localizar o esquema",

    "watcher_restart" : "Reiniciar sincronização de temas! (a mudança de nome do comando não foi bem sucedida para %s)",
    "watcher_restart2" : "Reiniciar sincronização de temas! (não foi possível localizar a rotina de tratamento através do caminho #1 ? %s)",
    "watcher_restart3" : "Reiniciar sincronização de temas! (não foi possível localizar a rotina de tratamento através do caminho #2 ? %s)",
    "watcher_stateexception" : "UnknownStateException:\npath: %s\nwatchedPath: %\nstartDir: %s",
    "watcher_windows_1" : "Devido a limitações da plataforma no Windows (processamento do parâmetro identificador Abrir ficheiro), a eliminação de directórios não é suportada durante a visualização de ficheiros.",
    "watcher_windows_2" : "Para eliminar uma pasta durante a visualização, utilize outro sistema operativo, tal como o OSX ou o Linux. No Windows, pare a visualização, elimine a pasta e, em seguida, reinicie o processo.\n",
    "watcher_unable_1" : "Não é possível visualizar ficheiros devido a um módulo de visualização de caminho em falta. Instale o módulo a partir da origem sem o sinalizador --no-optional.",
    "watcher_unable_2" : "Forneça comentários ao autor deste módulo sobre as dependências pré-compiladas em falta.",
    "watcher_unable_3" : "Informações do sistema: %s (Plataforma) / %s (Arquitectura)\n",
    "watcher_win_toomany_folders" : "Não é possível visualizar o directório '%s', devido a um erro não resolvido num componente pré-requerido.\nConsulte https://github.com/atom/node-pathwatcher/issues/70 para obter mais informações.",
    "watcher_win_toomany_folders_start" : "Não é possível visualizar os seguintes directórios, devido a um erro não resolvido num componente pré-requerido.\nConsulte https://github.com/atom/node-pathwatcher/issues/70 para obter mais informações.",
    "watcher_forcewatch_info" : "Se necessitar que qualquer um dos directórios acima seja visualizado em detrimento de outros, pode utilizar a definição 'forceWatch'. Adicione simplesmente o elemento forceWatch ao ficheiro de definições localizado em %s. O valor é uma matriz de directórios para forçar a visualização. Exemplo: \"forceWatch\": [\"/example/directory\"]",

    "sync_idle" : "Inactivo...",
    "sync_background_start" : "A próxima sincronização será iniciada dentro de %d minutos...",
    "sync_background_disabled" : "Sincronização em segundo plano desactivada.",
    "sync_invalid_mode" : "Variável de modo não válido enviada.",
    "sync_2way_phase_1" : "Sincronização bidireccional iniciada... Fase 1...",
    "sync_2way_notification" : "Sincronização bidireccional iniciada",
    "sync_push_phase_1" : "A transferir ficheiros actualizados... Fase 1...",
    "sync_push_notification" : "A transferir ficheiros actualizados",
    "sync_pull_phase_1" : "A descarregar ficheiros actualizados... Fase 1...",
    "sync_pull_notification" : "A descarregar ficheiros actualizados",
    "sync_notification_subtitle" : "Aguarde antes de efectuar actualizações adicionais.",
    "sync_phase2" : "Fase 2...",
    "sync_complete" : "Sincronização concluída.",
    "sync_complete_subtitle" : "É seguro efectuar alterações ao ficheiro novamente.",
    "sync_complete_subtitle2" : "\nA visualizar alterações nos ficheiros...",
    "sync_notification_generic_error" : "Erro %s ao tentar %s [%s]",
    "sync_notification_multiple_error" : "Vários erros %s ao tentar %s [%s]",
    "sync_error_command_create" : "create",
    "sync_error_command_delete" : "delete",
    "sync_error_command_update" : "update",
    "sync_error_command_move" : "move",
    "sync_notification_sync_complete" : "Sincronização concluída [%s]",
    "sync_notification_upload_complete" : "Transferência concluída [%s]",
    "sync_notification_upload_error" : "Erro %s ao transferir [%s]",
    "sync_notification_download_complete" : "Transferência concluída [%s]",
    "sync_notification_delete_complete" : "Eliminação concluída [%s]",
    "sync_notification_deletelocal_complete" : "Ficheiro local eliminado [%s]",
    "sync_notification_merge_complete" : "Conflito de intercalação resolvido [%s]",
    "sync_notification_no_update" : "Não é necessária qualquer actualização [%s]",
    "sync_notification_merge_conflict" : "Conflito de intercalação [%s]",
    "sync_notification_rename_complete" : "Mudança de nome concluída",
    "sync_notification_rename_data_complete" : "Mudança de nome concluída: %s => %s",
    "sync_notification_move_complete" : "Movimentação concluída",
    "sync_notification_move_data_complete" : "Movimentação concluída: %s => %s",
    "sync_dir_created" : "Criação de directório concluída: %s",
    "sync_upload_skip" : "A ignorar a transferência do ficheiro devido a um conflito de intercalação pendente: %s",
    "sync_upload_start" : "A transferir ficheiro: %s",
    "sync_upload_complete" : "Transferência de ficheiro concluída: %s",
    "sync_delete_dir_skip" : "A ignorar a eliminação do directório remoto devido a um conflito de intercalação pendente: %s",
    "sync_delete_file_skip" : "A ignorar eliminação do ficheiro remoto devido a um conflito de intercalação pendente: %s",
    "sync_delete_dir_complete" : "Eliminação do directório concluída: %s",
    "sync_delete_file_complete" : "Eliminação do ficheiro concluída: %s",
    "sync_delete_localfile_cancel" : "Eliminação do ficheiro local interrompida devido a pedido de cancelamento.",
    "sync_delete_localfile_skip" : "A ignorar eliminação do ficheiro local devido a um conflito de intercalação pendente: %s",
    "sync_write_cancel" : "Gravação do ficheiro local interrompida devido a pedido de cancelamento.",
    "sync_download_complete" : "Transferência do ficheiro concluída: %s",
    "sync_resolve_cancel" : "Resolução do conflito interrompida devido a pedido de cancelamento.",
    "sync_resolve_complete" : "Conflito de intercalação resolvido para %s",
    "sync_resolve_unknown_action" : "Acção desconhecida %s",
    "sync_sync_upload_skip" : "A ignorar transferência do ficheiro %s",
    "sync_sync_delete_skip" : "A ignorar eliminação do ficheiro %s",
    "sync_sync_download_skip" : "A ignorar transferência do ficheiro %s",
    "sync_merge_help_1" : "Para resolver o conflito, intercale os ficheiros. Após intercalar, mude o nome de '%s' para '%s'.",
    "sync_merge_help_2" : "Isto fará com que o sistema resolva o conflito e transfira o ficheiro resolvido.",
    "sync_merge_help_deleted_remotely_1" : "Para resolver o conflito, existem duas opções:",
    "sync_merge_help_deleted_remotely_2" : "1) Resolver através de eliminação - Também elimina o ficheiro localmente.",
    "sync_merge_help_deleted_remotely_3" : "   Pode ser efectuado mudando o nome de '%s' para '%s'.",
    "sync_merge_help_deleted_remotely_4" : "2) Resolver com o ficheiro remoto - Descarregue o ficheiro remoto.",
    "sync_merge_help_deleted_remotely_5" : "   Pode ser efectuado mudando o nome de '%s' para '%s'.",
    "sync_merge_help_deleted_remotely_6" : "Isto fará com que o sistema resolva o conflito.",
    "sync_merge_help_deleted_locally_1" : "Para resolver o conflito, existem duas opções:",
    "sync_merge_help_deleted_locally_2" : "1) Resolver através de eliminação - Também elimina o ficheiro localmente.",
    "sync_merge_help_deleted_locally_3" : "   Pode ser efectuado mudando o nome de '%s' para '%s'.",
    "sync_merge_help_deleted_locally_4" : "2) Resolver com o ficheiro remoto - Descarregue o ficheiro remoto.",
    "sync_merge_help_deleted_locally_5" : "   Pode ser efectuado mudando o nome de '%s' para '%s'.",
    "sync_merge_help_deleted_locally_6" : "Isto fará com que o sistema resolva o conflito.",
    "sync_conflict_local_deleted_1" : "Intervenção manual requerida para %s",
    "sync_conflict_local_deleted_2" : "O ficheiro foi eliminado localmente e actualizado no servidor remoto. Não é possível determinar se o ficheiro remoto actualizado deverá ser descarregado ou eliminado.",
    "sync_conflict_local_deleted_3" : "A descarregar ficheiro como %s",
    "sync_conflict_remote_deleted_1" : "Intervenção manual requerida para %s",
    "sync_conflict_remote_deleted_2" : "O ficheiro foi eliminado remotamente e actualizado localmente. Não é possível determinar se o ficheiro actualizado deverá ser transferido ou eliminado.",
    "sync_conflict_both_1" : "Intercalação manual requerida para %s",
    "sync_conflict_both_2" : "O ficheiro foi actualizado localmente e no servidor remoto.",
    "sync_conflict_both_3" : "A descarregar ficheiro como %s",
    "sync_conflict_outstanding" : "Conflito de intercalação pendente para %s",
    "sync_event_add_dir" : "Criação de directório reconhecida: %s",
    "sync_event_add_file" : "Criação do ficheiro reconhecida: %s",
    "sync_event_delete_dir" : "Remoção do directório reconhecida: %s",
    "sync_event_delete_file" : "Remoção do ficheiro reconhecida: %s",
    "sync_event_rename_dir" : "Mudança de nome/movimentação do directório reconhecida: %s",
    "sync_event_rename_file" : "Mudança de nome/movimentação do ficheiro reconhecida: %s",
    "sync_event_change_file" : "Alteração do ficheiro reconhecida: %s",
    "sync_rename_skip" : "A ignorar mudança do nome do ficheiro local devido a um conflito de intercalação pendente: %s",
    "sync_start_watching" : "A visualizar alterações nos ficheiros em '%s'...",

    "sync_ignore_rename" : "A ignorar a mudança de nome de ficheiro, porque o ficheiro destino '%s' obedece aos critérios para um ficheiro oculto.",
    "watcher_ignore_delete" : "A ignorar a eliminação do ficheiro, porque o ficheiro destino '%s' obedece aos critérios para um ficheiro oculto.",

    "sync_report" : "Relatório de sincronização:\nTotal         : %d\nTransferido   : %d\nDescarregado  : %d\nEliminado     : %d / %d (Local/Remoto)\nConflitos     : %d / %d (Resolvido)\nNenhuma acção : %d\nErros         : %d\n",
    "sync_error_happened" : "Ocorreram erros durante a sincronização!"

}

