{
    "program_title" : "Синхронізація файлів IBM Digital Experience v%s",
    "program_help_1" : "Ця утиліта синхронізує ресурси WebDAV для теми IBM WebSphere Portal з локальним каталогом.",
    "program_help_2" : "Це дозволяє розробнику теми легко працювати з цими файлами локально у своєму улюбленому редакторі.",
    "program_help_3" : "Файли, змінені локально, автоматично передаються на віддалений сервер.",
    "program_help_4" : "Додаткову інформацію можна знайти у приєднаному файлі readme.txt\n",
    "program_help_5" : "Довідка з команди:\ndxsync.sh <options> <command>\n",
    "program_help_6" : "Доступні команди:",
    "program_help_7" : "init\n    Ініціалізує тему у поточному локальному каталозі",
    "program_help_8" : "run\n    Виконує двобічну синхронізацію та підтримує активність процесу у фоновому режимі для спостереження за змінами файлу",
    "program_help_9" : "pull\n    Викликає однобічну синхронізацію для завантаження всіх оновлених файлів з віддаленої системи",
    "program_help_10" : "push\n    Викликає однобічну синхронізацію для передачі всіх оновлених файлів (з перезаписом змін у віддаленій системі) до віддаленої системи\n",
    "program_help_11" : "Доступні опції:",
    "program_help_12" : "--debug\n    Вмикає режим відлагодження зі стандартними параметрами (рівень: детальніший, всі методи та файли)",
    "program_help_13" : "--debug-finest\n    Встановлює найдетальніший рівень трасування\n",
    "log_file_location" : "Файл протоколу буде записано до %s/.dxsync.log",
    "log_file_location2" : "Файл протоколу можна знайти тут: %s",
    "sigint" : "Переривання процесу. До побачення.",
    "uncaught_exception" : "Непередбачена виняткова ситуація",
    "unrecognized_command" : "Невпізнана команда: %s",
    "unrecognized_option" : "Невпізнана команда: %s",
    "too_many_commands" : "Забагато команд: %s",
    "setup_1" : "Ця команда дозволяє створити нову точку синхронізації теми у",
    "setup_2" : "поточному каталозі '%s'.\n",
    "setup_3" : "Виконуйте інструкції для підключення до віддаленого примірника IBM WebSphere Portal.",
    "setup_connecting" : "Підключення до віддаленого сервера...",
    "setup_themes_found" : "Знайдено наступні теми. Виберіть сервер, до якого потрібно підключитись:",
    "setup_theme_desc" : "Введіть число від 1 та %d",
    "list_themes" : "Витяг тем з %s",
    "list_themes_none" : "На цільовому сервері не знайдено жодної теми.",
    "setup_abort" : "Ініціалізація припиняється.",
    "setup_success1" : "Синхронізацію тем успішно налаштовано.",
    "setup_success2" : "Тепер можна виконувати синхронізацію за допомогою команди 'run'.",
    "print_config" : "Конфігурація:",
    "error_loading_config" : "Неможливо завантажити параметри dxsync в цьому каталозі. Спочатку виконайте 'dxsync.sh init'.",
    "error_host" : "Неможливо встановити з'єднання з хостом.",
    "error_refused" : "У з'єднанні відмовлено.",
    "error_not_found" : "Запитаний елемент не знайдено.",
    "error_unauthorized" : "Немає прав доступу. Неправильне ім'я користувача або пароль.",

    "config_section_basic" : "Простий",
    "config_section_advanced" : "Розширений",
    "config_host_desc" : "Ім'я хосту",
    "config_user_desc" : "Ім'я користувача",
    "config_pass_desc" : "Пароль",
    "config_contenthandler_desc" : "Шлях до сервлету програми обробки матеріалів",
    "config_port_desc" : "Порт",
    "config_theme_desc" : "Тема",
    "config_syncinterval_desc" : "Період (у хвилинах) синхронізації у фоновому режимі",
    "config_connections_desc" : "Кількість паралельних віддалених з'єднань",
    "config_filter_desc" : "Регулярний вираз для ігнорування файлів",

    "webdav_request_canceled" : "Запит WebDAV перервано через запит на скасування.",
    "webdav_retry_success" : "Неполадку, виявлену раніше для '%s', успішно усунено після %s спроб.",
    "webdav_invalid_url" : "Недійсний URL (%s) - неможливо знайти схему",

    "watcher_restart" : "Перезапуск синхронізації теми! (команду rename для %s не виконано)",
    "watcher_restart2" : "Перезапуск синхронізації теми! (не вдалося знайти програму обробки за шляхом #1 ? %s)",
    "watcher_restart3" : "Перезапуск синхронізації теми! (не вдалося знайти програму обробки за шляхом #2 ? %s)",
    "watcher_stateexception" : "UnknownStateException:\npath: %s\nwatchedPath: %\nstartDir: %s",
    "watcher_windows_1" : "Через обмеження платформи Windows (обробка відкритих файлів) видалення каталогів під час відстеження файлів не підтримується.",
    "watcher_windows_2" : "Для видалення папки під час відстеження файлів скористайтеся іншою операційною системою, наприклад OSX або Linux. У Windows потрібно зупинити відстеження, видалити папку, потім перезапустити процес.\n",
    "watcher_unable_1" : "Відстеження файлів неможливе через відсутність модуля pathwatcher. Встановіть модуль з джерела без прапора --no-optional.",
    "watcher_unable_2" : "Повідомте автора модуля про відсутність попередньо скомпільованих залежностей.",
    "watcher_unable_3" : "Інформація про вашу систему: %s (платформа) / %s (архітектура)\n",
    "watcher_win_toomany_folders" : "Неможливо відстежувати каталог '%s', оскільки у компоненті попередніх вимог є невиправлена помилка.\nДодаткову інформацію див. за адресою https://github.com/atom/node-pathwatcher/issues/70.",
    "watcher_win_toomany_folders_start" : "Неможливо відстежувати наступні каталоги, оскільки у компоненті попередніх вимог є невиправлена помилка.\nДодаткову інформацію див. за адресою https://github.com/atom/node-pathwatcher/issues/70.",
    "watcher_forcewatch_info" : "Якщо потрібно, щоб якийсь з каталогів відстежувався у першу чергу, можна скористатися параметром 'forceWatch'. Просто додайте простий елемент forceWatch до файлу параметрів, який знаходиться у %s. Значення - масив каталогів для примусового відстеження. Приклад: \"forceWatch\": [\"/example/directory\"]",

    "sync_idle" : "Неактивний...",
    "sync_background_start" : "Наступна синхронізація розпочнеться через %d хвилин...",
    "sync_background_disabled" : "Синхронізацію у фоновому режимі вимкнено.",
    "sync_invalid_mode" : "Передано неправильну змінну режиму.",
    "sync_2way_phase_1" : "Починається двобічна синхронізація... Етап 1...",
    "sync_2way_notification" : "Розпочато двобічну синхронізацію",
    "sync_push_phase_1" : "Передача оновлених файлів... Етап 1...",
    "sync_push_notification" : "Передача оновлених файлів",
    "sync_pull_phase_1" : "Завантаження оновлених файлів... Етап 1...",
    "sync_pull_notification" : "Завантаження оновлених файлів",
    "sync_notification_subtitle" : "Перш ніж вносити подальші зміни, зачекайте.",
    "sync_phase2" : "Етап 2...",
    "sync_complete" : "Синхронізацію завершено.",
    "sync_complete_subtitle" : "Тепер можна вносити зміни до файлів.",
    "sync_complete_subtitle2" : "\nВідстежування змін у файлах..",
    "sync_notification_generic_error" : "Помилка %s під час спроби %s [%s]",
    "sync_notification_multiple_error" : "Декілька помилок %s під час спроби %s [%s]",
    "sync_error_command_create" : "create",
    "sync_error_command_delete" : "delete",
    "sync_error_command_update" : "update",
    "sync_error_command_move" : "move",
    "sync_notification_sync_complete" : "Синхронізацію завершено [%s]",
    "sync_notification_upload_complete" : "Передачу завершено [%s]",
    "sync_notification_upload_error" : "Помилка %s під час передачі [%s]",
    "sync_notification_download_complete" : "Завантаження завершено [%s]",
    "sync_notification_delete_complete" : "Видалення завершено [%s]",
    "sync_notification_deletelocal_complete" : "Локальний файл видалено [%s]",
    "sync_notification_merge_complete" : "Конфлікт злиття усунено [%s]",
    "sync_notification_no_update" : "Оновлення не потрібне [%s]",
    "sync_notification_merge_conflict" : "Конфлікти злиття [%s]",
    "sync_notification_rename_complete" : "Перейменування завершено",
    "sync_notification_rename_data_complete" : "Перейменування завершено: %s => %s",
    "sync_notification_move_complete" : "Переміщення завершено",
    "sync_notification_move_data_complete" : "Переміщення завершено: %s => %s",
    "sync_dir_created" : "Створення каталогу завершено: %s",
    "sync_upload_skip" : "Передача файлу пропускається, оскільки вона призведе до конфлікту злиття: %s",
    "sync_upload_start" : "Передача файлу: %s",
    "sync_upload_complete" : "Передачу файлу завершено: %s",
    "sync_delete_dir_skip" : "Видалення віддаленого каталогу пропускається, оскільки воно призведе до конфлікту злиття: %s",
    "sync_delete_file_skip" : "Видалення віддаленого файлу пропускається, оскільки воно призведе до конфлікту злиття: %s",
    "sync_delete_dir_complete" : "Видалення каталогу завершено: %s",
    "sync_delete_file_complete" : "Видалення файлу завершено: %s",
    "sync_delete_localfile_cancel" : "Видалення локального файлу перервано через запит на скасування.",
    "sync_delete_localfile_skip" : "Видалення локального файлу пропускається, оскільки воно призведе до конфлікту злиття: %s",
    "sync_write_cancel" : "Запис до локального файлу перервано через запит на скасування.",
    "sync_download_complete" : "Завантаження файлу завершено: %s",
    "sync_resolve_cancel" : "Усунення конфлікту перервано через запит на скасування.",
    "sync_resolve_complete" : "Конфлікт злиття для %s усунено ",
    "sync_resolve_unknown_action" : "Невідома дія %s",
    "sync_sync_upload_skip" : "Передача файлу %s пропускається ",
    "sync_sync_delete_skip" : "Видалення файлу %s пропускається",
    "sync_sync_download_skip" : "Завантаження файлу %s пропускається",
    "sync_merge_help_1" : "Для усунення конфлікту об'єднайте файли. Після злиття перейменуйте '%s' на '%s'.",
    "sync_merge_help_2" : "Завдяки цьому система обробить конфлікт та передасть оброблений файл.",
    "sync_merge_help_deleted_remotely_1" : "Усунути конфлікт можна двома способами:",
    "sync_merge_help_deleted_remotely_2" : "1) Усунення через видалення - файл у локальній системі також видаляється.",
    "sync_merge_help_deleted_remotely_3" : "   Це можна зробити через перейменування '%s' на '%s'.",
    "sync_merge_help_deleted_remotely_4" : "2) Усунення з віддаленим - завантажити віддалений файл.",
    "sync_merge_help_deleted_remotely_5" : "   Це можна зробити через перейменування '%s' на '%s'.",
    "sync_merge_help_deleted_remotely_6" : "Таким чином система обробить конфлікт.",
    "sync_merge_help_deleted_locally_1" : "Усунути конфлікт можна двома способами:",
    "sync_merge_help_deleted_locally_2" : "1) Усунення через видалення - файл у локальній системі також видаляється.",
    "sync_merge_help_deleted_locally_3" : "   Це можна зробити через перейменування '%s' на '%s'.",
    "sync_merge_help_deleted_locally_4" : "2) Усунення з віддаленим - завантажити віддалений файл.",
    "sync_merge_help_deleted_locally_5" : "   Це можна зробити через перейменування '%s' на '%s'.",
    "sync_merge_help_deleted_locally_6" : "Таким чином система обробить конфлікт.",
    "sync_conflict_local_deleted_1" : "Для %s вимагається втручання користувача ",
    "sync_conflict_local_deleted_2" : "Файл було видалено у локальній системі та передано на віддалений сервер. Не вдалося визначити, чи потрібно завантажити або видалити оновлений віддалений файл.",
    "sync_conflict_local_deleted_3" : "Завантаження файлу як %s",
    "sync_conflict_remote_deleted_1" : "Для %s вимагається втручання користувача",
    "sync_conflict_remote_deleted_2" : "Файл було видалено у віддаленій системі та оновлено у локальній. Не вдалося визначити, чи потрібно передати або видалити оновлений файл.",
    "sync_conflict_both_1" : "Для %s вимагається об'єднання вручну. ",
    "sync_conflict_both_2" : "Файл було оновлено у локальній системі та на віддаленому сервері.",
    "sync_conflict_both_3" : "Завантаження файлу як %s",
    "sync_conflict_outstanding" : "Для %s можливий конфлікт злиття ",
    "sync_event_add_dir" : "Розпізнано створення каталогу: %s",
    "sync_event_add_file" : "Розпізнано створення файлу: %s",
    "sync_event_delete_dir" : "Розпізнано видалення каталогу: %s",
    "sync_event_delete_file" : "Розпізнано видалення файлу: %s",
    "sync_event_rename_dir" : "Розпізнано перейменування або переміщення каталогу: %s",
    "sync_event_rename_file" : "Розпізнано перейменування або переміщення файлу: %s",
    "sync_event_change_file" : "Розпізнано змінення файлу: %s",
    "sync_rename_skip" : "Перейменування локального файлу пропускається, оскільки воно призведе до конфлікту злиття: %s",
    "sync_start_watching" : "Відстеження змін файлів у '%s'...",

    "sync_report" : "Звіт синхронізації:\nВсього      : %d\nПередано   : %d\nЗавантажено : %d\nВидалено    : %d / %d (локальні/віддалені)\nКонфлікти  : %d / %d (усунено)\nБез дій  : %d\nПомилки     : %d\n",
    "sync_error_happened" : "Під час синхронізації сталися помилки!"

}

